stash,stash_section,stash_item,lbproc,lblev,lbplev,blev,cmip6_short_name,mip_table,is_simple_mapping,n_stash_refs_in_expression,units,status,expression,source_file
m01s03i237,3,237,0,,,,huss,3hr,True,1,1,ok,m01s03i237[lbproc=0],HadGEM3_3hr_mappings.cfg
m01s08i223,8,223,0,,,0.05,mrsos,3hr,True,1,kg m-2,ok,"m01s08i223[blev=0.05, lbproc=0]",HadGEM3_3hr_mappings.cfg
m01s00i409,0,409,0,,,,ps,3hr,True,1,Pa,ok,m01s00i409[lbproc=0],HadGEM3_3hr_mappings.cfg
m01s03i236,3,236,0,,,,tas,3hr,True,1,K,ok,m01s03i236[lbproc=0],HadGEM3_3hr_mappings.cfg
m01s03i209,3,209,0,,,,uas,3hr,True,1,m s-1,ok,m01s03i209[lbproc=0],HadGEM3_3hr_mappings.cfg
m01s03i210,3,210,0,,,,vas,3hr,True,1,m s-1,ok,m01s03i210[lbproc=0],HadGEM3_3hr_mappings.cfg
m01s00i010,0,10,0,,,,hus,6hrLev,True,1,1,ok,m01s00i010[lbproc=0],HadGEM3_6hrLev_mappings.cfg
m01s00i408,0,408,0,,,,pfull,6hrLev,True,1,Pa,ok,m01s00i408[lbproc=0],HadGEM3_6hrLev_mappings.cfg
m01s00i409,0,409,0,,,,ps,6hrLev,True,1,Pa,ok,m01s00i409[lbproc=0],HadGEM3_6hrLev_mappings.cfg
m01s30i111,30,111,0,,,,ta,6hrLev,True,1,K,ok,m01s30i111[lbproc=0],HadGEM3_6hrLev_mappings.cfg
m01s00i002,0,2,0,,,,ua,6hrLev,True,1,m s-1,ok,m01s00i002[lbproc=0],HadGEM3_6hrLev_mappings.cfg
m01s00i003,0,3,0,,,,va,6hrLev,True,1,m s-1,ok,m01s00i003[lbproc=0],HadGEM3_6hrLev_mappings.cfg
m01s16i222,16,222,0,,,,psl,6hrPlevPt,True,1,Pa,ok,m01s16i222[lbproc=0],HadGEM3_6hrPlevPt_mappings.cfg
m01s30i455,30,455,0,,,P850,rv850,6hrPlevPt,True,1,s-1,embargoed,"m01s30i455[blev=P850, lbproc=0]",HadGEM3_6hrPlevPt_mappings.cfg
m01s08i225,8,225,0,,,0.05,tsl,6hrPlevPt,True,1,K,embargoed,"m01s08i225[blev=0.05, lbproc=0]",HadGEM3_6hrPlevPt_mappings.cfg
m01s03i209,3,209,0,,,,uas,6hrPlevPt,True,1,m s-1,ok,m01s03i209[lbproc=0],HadGEM3_6hrPlevPt_mappings.cfg
m01s03i210,3,210,0,,,,vas,6hrPlevPt,True,1,m s-1,ok,m01s03i210[lbproc=0],HadGEM3_6hrPlevPt_mappings.cfg
m01s50i219,50,219,128,1,,,toz,AERday,True,1,1e-5 m,ok,"m01s50i219[lblev=1, lbproc=128]",HadGEM3_AERday_mappings.cfg
m01s03i236,3,236,128,,,,tas,AERhr,True,1,K,embargoed,m01s03i236[lbproc=128],HadGEM3_AERhr_mappings.cfg
m01s34i009,34,9,128,,,,ch4,AERmon,True,1,mol mol-1,ok,"(MOLECULAR_MASS_OF_AIR / MOLECULAR_MASS_OF_CH4)
* m01s34i009[lbproc=128]",HadGEM3_AERmon_mappings.cfg
m01s34i049,34,49,128,,,,n2o,AERmon,True,1,mol mol-1,ok,"(MOLECULAR_MASS_OF_AIR / MOLECULAR_MASS_OF_N2O)
* m01s34i049[lbproc=128]",HadGEM3_AERmon_mappings.cfg
m01s34i001,34,1,128,,,,o3,AERmon,True,1,mol mol-1,ok,"(MOLECULAR_MASS_OF_AIR / MOLECULAR_MASS_OF_O3)
* m01s34i001[lbproc=128]",HadGEM3_AERmon_mappings.cfg
m01s00i002,0,2,128,,,,ua,AERmon,True,1,m s-1,ok,m01s00i002[lbproc=128],HadGEM3_AERmon_mappings.cfg
m01s00i003,0,3,128,,,,va,AERmon,True,1,m s-1,ok,m01s00i003[lbproc=128],HadGEM3_AERmon_mappings.cfg
m01s16i201,16,201,128,,,,zg,AERmon,True,1,m,ok,m01s16i201[lbproc=128],HadGEM3_AERmon_mappings.cfg
m01s03i230,3,230,8192,,,,sfcWindmax,APday,True,1,m s-1,ok,m01s03i230[lbproc=8192],HadGEM3_APday_mappings.cfg
m01s03i236,3,236,8192,,,,tasmax,APday,True,1,K,ok,m01s03i236[lbproc=8192],HadGEM3_APday_mappings.cfg
m01s03i236,3,236,4096,,,,tasmin,APday,True,1,K,ok,m01s03i236[lbproc=4096],HadGEM3_APday_mappings.cfg
m01s03i298,3,298,128,,,,sbl,Amon,True,1,kg m-2 s-1,embargoed,m01s03i298[lbproc=128],HadGEM3_Amon_mappings.cfg
m01s05i269,5,269,0,,,,ci,CF3hr,True,1,1.0,embargoed,m01s05i269[lbproc=0],HadGEM3_CF3hr_mappings.cfg
m01s02i317,2,317,0,,,,clc,CF3hr,True,1,1,ok,m01s02i317[lbproc=0],HadGEM3_CF3hr_mappings.cfg
m01s02i319,2,319,0,,,,clic,CF3hr,True,1,1,ok,m01s02i319[lbproc=0],HadGEM3_CF3hr_mappings.cfg
m01s02i392,2,392,0,,,,clivi,CF3hr,True,1,kg m-2,embargoed,m01s02i392[lbproc=0],HadGEM3_CF3hr_mappings.cfg
m01s02i204,2,204,0,,,,clt,CF3hr,True,1,1,embargoed,m01s02i204[lbproc=0],HadGEM3_CF3hr_mappings.cfg
m01s02i318,2,318,0,,,,clwc,CF3hr,True,1,1,ok,m01s02i318[lbproc=0],HadGEM3_CF3hr_mappings.cfg
m01s03i223,3,223,0,,,,evspsbl,CF3hr,True,1,kg m-2 s-1,embargoed,m01s03i223[lbproc=0],HadGEM3_CF3hr_mappings.cfg
m01s03i234,3,234,0,,,,hfls,CF3hr,True,1,W m-2,embargoed,m01s03i234[lbproc=0],HadGEM3_CF3hr_mappings.cfg
m01s03i217,3,217,0,,,,hfss,CF3hr,True,1,W m-2,embargoed,m01s03i217[lbproc=0],HadGEM3_CF3hr_mappings.cfg
m01s03i245,3,245,0,,,,hurs,CF3hr,True,1,%,embargoed,m01s03i245[lbproc=0],HadGEM3_CF3hr_mappings.cfg
m01s00i408,0,408,0,,,,pfull,CF3hr,True,1,Pa,embargoed,m01s00i408[lbproc=0],HadGEM3_CF3hr_mappings.cfg
m01s00i407,0,407,0,,,,phalf,CF3hr,True,1,Pa,embargoed,m01s00i407[lbproc=0],HadGEM3_CF3hr_mappings.cfg
m01s05i216,5,216,0,,,,pr,CF3hr,True,1,kg m-2 s-1,embargoed,m01s05i216[lbproc=0],HadGEM3_CF3hr_mappings.cfg
m01s05i215,5,215,0,,,,prsn,CF3hr,True,1,kg m-2 s-1,embargoed,m01s05i215[lbproc=0],HadGEM3_CF3hr_mappings.cfg
m01s05i228,5,228,0,,,,prsnc,CF3hr,True,1,kg m-2 s-1,ok,m01s05i228[lbproc=0],HadGEM3_CF3hr_mappings.cfg
m01s30i461,30,461,0,,,,prw,CF3hr,True,1,kg m-2,embargoed,m01s30i461[lbproc=0],HadGEM3_CF3hr_mappings.cfg
m01s00i409,0,409,0,,,,ps,CF3hr,True,1,Pa,ok,m01s00i409[lbproc=0],HadGEM3_CF3hr_mappings.cfg
m01s16i222,16,222,0,,,,psl,CF3hr,True,1,Pa,embargoed,m01s16i222[lbproc=0],HadGEM3_CF3hr_mappings.cfg
m01s02i207,2,207,0,,,,rlds,CF3hr,True,1,W m-2,embargoed,m01s02i207[lbproc=0],HadGEM3_CF3hr_mappings.cfg
m01s02i208,2,208,0,,,,rldscs,CF3hr,True,1,W m-2,embargoed,m01s02i208[lbproc=0],HadGEM3_CF3hr_mappings.cfg
m01s03i332,3,332,0,,,,rlut,CF3hr,True,1,W m-2,embargoed,m01s03i332[lbproc=0],HadGEM3_CF3hr_mappings.cfg
m01s01i235,1,235,0,,,,rsds,CF3hr,True,1,W m-2,embargoed,m01s01i235[lbproc=0],HadGEM3_CF3hr_mappings.cfg
m01s01i210,1,210,0,,,,rsdscs,CF3hr,True,1,W m-2,embargoed,m01s01i210[lbproc=0],HadGEM3_CF3hr_mappings.cfg
m01s01i207,1,207,0,,,,rsdt,CF3hr,True,1,W m-2,embargoed,m01s01i207[lbproc=0],HadGEM3_CF3hr_mappings.cfg
m01s01i211,1,211,0,,,,rsuscs,CF3hr,True,1,W m-2,embargoed,m01s01i211[lbproc=0],HadGEM3_CF3hr_mappings.cfg
m01s01i208,1,208,0,,,,rsut,CF3hr,True,1,W m-2,embargoed,m01s01i208[lbproc=0],HadGEM3_CF3hr_mappings.cfg
m01s01i209,1,209,0,,,,rsutcs,CF3hr,True,1,W m-2,embargoed,m01s01i209[lbproc=0],HadGEM3_CF3hr_mappings.cfg
m01s03i298,3,298,0,,,,sbl,CF3hr,True,1,kg m-2 s-1,embargoed,m01s03i298[lbproc=0],HadGEM3_CF3hr_mappings.cfg
m01s05i270,5,270,0,,,,sci,CF3hr,True,1,1.0,embargoed,m01s05i270[lbproc=0],HadGEM3_CF3hr_mappings.cfg
m01s03i230,3,230,0,,,,sfcWind,CF3hr,True,1,m s-1,embargoed,m01s03i230[lbproc=0],HadGEM3_CF3hr_mappings.cfg
m01s30i111,30,111,0,,,,ta,CF3hr,True,1,K,embargoed,m01s30i111[lbproc=0],HadGEM3_CF3hr_mappings.cfg
m01s03i460,3,460,0,,,,tauu,CF3hr,True,1,Pa,embargoed,m01s03i460[lbproc=0],HadGEM3_CF3hr_mappings.cfg
m01s03i461,3,461,0,,,,tauv,CF3hr,True,1,Pa,embargoed,m01s03i461[lbproc=0],HadGEM3_CF3hr_mappings.cfg
m01s00i024,0,24,0,,,,ts,CF3hr,True,1,K,ok,m01s00i024[lbproc=0],HadGEM3_CF3hr_mappings.cfg
m01s00i010,0,10,128,,,,hus,CFday,True,1,1,ok,m01s00i010[lbproc=128],HadGEM3_CFday_mappings.cfg
m01s30i111,30,111,128,,,,ta,CFday,True,1,K,ok,m01s30i111[lbproc=128],HadGEM3_CFday_mappings.cfg
m01s00i002,0,2,128,,,,ua,CFday,True,1,m s-1,ok,m01s00i002[lbproc=128],HadGEM3_CFday_mappings.cfg
m01s00i003,0,3,128,,,,va,CFday,True,1,m s-1,ok,m01s00i003[lbproc=128],HadGEM3_CFday_mappings.cfg
m01s30i008,30,8,128,,,,wap,CFday,True,1,Pa s-1,ok,m01s30i008[lbproc=128],HadGEM3_CFday_mappings.cfg
m01s16i201,16,201,128,,,,zg,CFday,True,1,m,ok,m01s16i201[lbproc=128],HadGEM3_CFday_mappings.cfg
m01s00i010,0,10,128,,,,hus,CFmon,True,1,1,ok,m01s00i010[lbproc=128],HadGEM3_CFmon_mappings.cfg
m01s30i111,30,111,128,,,,ta,CFmon,True,1,K,ok,m01s30i111[lbproc=128],HadGEM3_CFmon_mappings.cfg
m01s05i269,5,269,0,,,,ci,CFsubhr,True,1,1,ok,m01s05i269[lbproc=0],HadGEM3_CFsubhr_mappings.cfg
m01s02i261,2,261,0,,,,cl,CFsubhr,True,1,1,ok,m01s02i261[lbproc=0],HadGEM3_CFsubhr_mappings.cfg
m01s02i309,2,309,0,,,,cli,CFsubhr,True,1,kg kg-1,ok,m01s02i309[lbproc=0],HadGEM3_CFsubhr_mappings.cfg
m01s02i392,2,392,0,,,,clivi,CFsubhr,True,1,kg m-2,ok,m01s02i392[lbproc=0],HadGEM3_CFsubhr_mappings.cfg
m01s02i204,2,204,0,,,,clt,CFsubhr,True,1,1,ok,m01s02i204[lbproc=0],HadGEM3_CFsubhr_mappings.cfg
m01s02i308,2,308,0,,,,clw,CFsubhr,True,1,kg kg-1,ok,m01s02i308[lbproc=0],HadGEM3_CFsubhr_mappings.cfg
m01s03i223,3,223,0,,,,evspsbl,CFsubhr,True,1,kg m-2 s-1,ok,m01s03i223[lbproc=0],HadGEM3_CFsubhr_mappings.cfg
m01s03i234,3,234,0,,,,hfls,CFsubhr,True,1,W m-2,ok,m01s03i234[lbproc=0],HadGEM3_CFsubhr_mappings.cfg
m01s03i217,3,217,0,,,,hfss,CFsubhr,True,1,W m-2,ok,m01s03i217[lbproc=0],HadGEM3_CFsubhr_mappings.cfg
m01s30i113,30,113,0,,,,hur,CFsubhr,True,1,%,ok,m01s30i113[lbproc=0],HadGEM3_CFsubhr_mappings.cfg
m01s03i245,3,245,0,,,,hurs,CFsubhr,True,1,%,ok,m01s03i245[lbproc=0],HadGEM3_CFsubhr_mappings.cfg
m01s00i010,0,10,0,,,,hus,CFsubhr,True,1,1,ok,m01s00i010[lbproc=0],HadGEM3_CFsubhr_mappings.cfg
m01s03i237,3,237,0,,,,huss,CFsubhr,True,1,1,ok,m01s03i237[lbproc=0],HadGEM3_CFsubhr_mappings.cfg
m01s00i408,0,408,0,,,,pfull,CFsubhr,True,1,Pa,ok,m01s00i408[lbproc=0],HadGEM3_CFsubhr_mappings.cfg
m01s00i407,0,407,0,,,,phalf,CFsubhr,True,1,Pa,ok,m01s00i407[lbproc=0],HadGEM3_CFsubhr_mappings.cfg
m01s05i216,5,216,0,,,,pr,CFsubhr,True,1,kg m-2 s-1,ok,m01s05i216[lbproc=0],HadGEM3_CFsubhr_mappings.cfg
m01s05i215,5,215,0,,,,prsn,CFsubhr,True,1,kg m-2 s-1,ok,m01s05i215[lbproc=0],HadGEM3_CFsubhr_mappings.cfg
m01s30i461,30,461,0,,,,prw,CFsubhr,True,1,kg m-2,ok,m01s30i461[lbproc=0],HadGEM3_CFsubhr_mappings.cfg
m01s00i409,0,409,0,,,,ps,CFsubhr,True,1,Pa,ok,m01s00i409[lbproc=0],HadGEM3_CFsubhr_mappings.cfg
m01s16i222,16,222,0,,,,psl,CFsubhr,True,1,Pa,ok,m01s16i222[lbproc=0],HadGEM3_CFsubhr_mappings.cfg
m01s02i218,2,218,0,,,,rld,CFsubhr,True,1,W m-2,ok,correct_multilevel_metadata(m01s02i218[lbproc=0]),HadGEM3_CFsubhr_mappings.cfg
m01s02i220,2,220,0,,,,rldcs,CFsubhr,True,1,W m-2,ok,correct_multilevel_metadata(m01s02i220[lbproc=0]),HadGEM3_CFsubhr_mappings.cfg
m01s02i207,2,207,0,,,,rlds,CFsubhr,True,1,W m-2,ok,m01s02i207[lbproc=0],HadGEM3_CFsubhr_mappings.cfg
m01s02i208,2,208,0,,,,rldscs,CFsubhr,True,1,W m-2,ok,m01s02i208[lbproc=0],HadGEM3_CFsubhr_mappings.cfg
m01s02i217,2,217,0,,,,rlu,CFsubhr,True,1,W m-2,ok,correct_multilevel_metadata(m01s02i217[lbproc=0]),HadGEM3_CFsubhr_mappings.cfg
m01s02i219,2,219,0,,,,rlucs,CFsubhr,True,1,W m-2,ok,correct_multilevel_metadata(m01s02i219[lbproc=0]),HadGEM3_CFsubhr_mappings.cfg
m01s02i205,2,205,0,,,,rlut,CFsubhr,True,1,W m-2,ok,m01s02i205[lbproc=0],HadGEM3_CFsubhr_mappings.cfg
m01s02i206,2,206,0,,,,rlutcs,CFsubhr,True,1,W m-2,ok,m01s02i206[lbproc=0],HadGEM3_CFsubhr_mappings.cfg
m01s01i218,1,218,0,,,,rsd,CFsubhr,True,1,W m-2,ok,correct_multilevel_metadata(m01s01i218[lbproc=0]),HadGEM3_CFsubhr_mappings.cfg
m01s01i220,1,220,0,,,,rsdcs,CFsubhr,True,1,W m-2,ok,correct_multilevel_metadata(m01s01i220[lbproc=0]),HadGEM3_CFsubhr_mappings.cfg
m01s01i235,1,235,0,,,,rsds,CFsubhr,True,1,W m-2,ok,m01s01i235[lbproc=0],HadGEM3_CFsubhr_mappings.cfg
m01s01i210,1,210,0,,,,rsdscs,CFsubhr,True,1,W m-2,ok,m01s01i210[lbproc=0],HadGEM3_CFsubhr_mappings.cfg
m01s01i207,1,207,0,,,,rsdt,CFsubhr,True,1,W m-2,ok,m01s01i207[lbproc=0],HadGEM3_CFsubhr_mappings.cfg
m01s01i217,1,217,0,,,,rsu,CFsubhr,True,1,W m-2,ok,correct_multilevel_metadata(m01s01i217[lbproc=0]),HadGEM3_CFsubhr_mappings.cfg
m01s01i219,1,219,0,,,,rsucs,CFsubhr,True,1,W m-2,ok,correct_multilevel_metadata(m01s01i219[lbproc=0]),HadGEM3_CFsubhr_mappings.cfg
m01s01i211,1,211,0,,,,rsuscs,CFsubhr,True,1,W m-2,ok,m01s01i211[lbproc=0],HadGEM3_CFsubhr_mappings.cfg
m01s01i208,1,208,0,,,,rsut,CFsubhr,True,1,W m-2,ok,m01s01i208[lbproc=0],HadGEM3_CFsubhr_mappings.cfg
m01s01i209,1,209,0,,,,rsutcs,CFsubhr,True,1,W m-2,ok,m01s01i209[lbproc=0],HadGEM3_CFsubhr_mappings.cfg
m01s03i298,3,298,0,,,,sbl,CFsubhr,True,1,kg m-2 s-1,ok,m01s03i298[lbproc=0],HadGEM3_CFsubhr_mappings.cfg
m01s05i270,5,270,0,,,,sci,CFsubhr,True,1,1,ok,m01s05i270[lbproc=0],HadGEM3_CFsubhr_mappings.cfg
m01s03i230,3,230,0,,,,sfcWind,CFsubhr,True,1,m s-1,ok,m01s03i230[lbproc=0],HadGEM3_CFsubhr_mappings.cfg
m01s30i111,30,111,0,,,,ta,CFsubhr,True,1,K,ok,m01s30i111[lbproc=0],HadGEM3_CFsubhr_mappings.cfg
m01s03i236,3,236,0,,,,tas,CFsubhr,True,1,K,ok,m01s03i236[lbproc=0],HadGEM3_CFsubhr_mappings.cfg
m01s03i460,3,460,0,,,,tauu,CFsubhr,True,1,Pa,ok,m01s03i460[lbproc=0],HadGEM3_CFsubhr_mappings.cfg
m01s03i461,3,461,0,,,,tauv,CFsubhr,True,1,Pa,ok,m01s03i461[lbproc=0],HadGEM3_CFsubhr_mappings.cfg
m01s30i182,30,182,0,,,,tnhus,CFsubhr,True,1,s-1,ok,m01s30i182[lbproc=0] / ATMOS_TIMESTEP,HadGEM3_CFsubhr_mappings.cfg
m01s05i162,5,162,0,,,,tnhusc,CFsubhr,True,1,s-1,ok,m01s05i162[lbproc=0] / ATMOS_TIMESTEP,HadGEM3_CFsubhr_mappings.cfg
m01s30i181,30,181,0,,,,tnt,CFsubhr,True,1,K s-1,ok,m01s30i181[lbproc=0] / ATMOS_TIMESTEP,HadGEM3_CFsubhr_mappings.cfg
m01s05i161,5,161,0,,,,tntc,CFsubhr,True,1,K s-1,ok,m01s05i161[lbproc=0] / ATMOS_TIMESTEP,HadGEM3_CFsubhr_mappings.cfg
m01s00i024,0,24,0,,,,ts,CFsubhr,True,1,K,ok,m01s00i024[lbproc=0],HadGEM3_CFsubhr_mappings.cfg
m01s00i002,0,2,0,,,,ua,CFsubhr,True,1,m s-1,ok,m01s00i002[lbproc=0],HadGEM3_CFsubhr_mappings.cfg
m01s03i209,3,209,0,,,,uas,CFsubhr,True,1,m s-1,ok,m01s03i209[lbproc=0],HadGEM3_CFsubhr_mappings.cfg
m01s00i003,0,3,0,,,,va,CFsubhr,True,1,m s-1,ok,m01s00i003[lbproc=0],HadGEM3_CFsubhr_mappings.cfg
m01s03i210,3,210,0,,,,vas,CFsubhr,True,1,m s-1,ok,m01s03i210[lbproc=0],HadGEM3_CFsubhr_mappings.cfg
m01s30i008,30,8,0,,,,wap,CFsubhr,True,1,Pa s-1,ok,m01s30i008[lbproc=0],HadGEM3_CFsubhr_mappings.cfg
m01s16i201,16,201,0,,,,zg,CFsubhr,True,1,m,ok,m01s16i201[lbproc=0],HadGEM3_CFsubhr_mappings.cfg
m01s02i261,2,261,0,,,,cl,Cres6hrPt,True,1,1,embargoed,m01s02i261[lbproc=0],HadGEM3_Cres6hrPt_mappings.cfg
m01s50i214,50,214,0,,,,emidms,Cres6hrPt,True,1,kg m-2 s-1,embargoed,m01s50i214[lbproc=0],HadGEM3_Cres6hrPt_mappings.cfg
m01s03i209,3,209,0,,,,uas,Cres6hrPt,True,1,m s-1,embargoed,m01s03i209[lbproc=0],HadGEM3_Cres6hrPt_mappings.cfg
m01s03i210,3,210,0,,,,vas,Cres6hrPt,True,1,m s-1,embargoed,m01s03i210[lbproc=0],HadGEM3_Cres6hrPt_mappings.cfg
m01s03i332,3,332,128,,,,rlut,E1hrClimMon,True,1,W m-2,ok,"mean_diurnal_cycle(m01s03i332[lbproc=128, lbtim_ia=24])",HadGEM3_E1hrClimMon_mappings.cfg
m01s01i207,1,207,128,,,,rsdt,E1hrClimMon,True,1,W m-2,ok,"mean_diurnal_cycle(m01s01i207[lbproc=128, lbtim_ia=24])",HadGEM3_E1hrClimMon_mappings.cfg
m01s01i208,1,208,128,,,,rsut,E1hrClimMon,True,1,W m-2,ok,"mean_diurnal_cycle(m01s01i208[lbproc=128, lbtim_ia=24])",HadGEM3_E1hrClimMon_mappings.cfg
m01s01i209,1,209,128,,,,rsutcs,E1hrClimMon,True,1,W m-2,ok,"mean_diurnal_cycle(m01s01i209[lbproc=128, lbtim_ia=24])",HadGEM3_E1hrClimMon_mappings.cfg
m01s16i222,16,222,0,,,,psl,E1hr,True,1,Pa,embargoed,m01s16i222[lbproc=0],HadGEM3_E1hr_mappings.cfg
m01s02i372,2,372,0,,,,cfadDbze94,E3hrPt,True,1,1,ok,m01s02i372[lbproc=0],HadGEM3_E3hrPt_mappings.cfg
m01s02i370,2,370,0,,,,cfadLidarsr532,E3hrPt,True,1,1,ok,m01s02i370[lbproc=0],HadGEM3_E3hrPt_mappings.cfg
m01s34i009,34,9,0,,,,ch4,E3hrPt,True,1,mol mol-1,embargoed,"(MOLECULAR_MASS_OF_AIR / MOLECULAR_MASS_OF_CH4)
* m01s34i009[lbproc=0]",HadGEM3_E3hrPt_mappings.cfg
m01s00i010,0,10,0,,,,hus,E3hrPt,True,1,1,ok,m01s00i010[lbproc=0],HadGEM3_E3hrPt_mappings.cfg
m01s34i049,34,49,0,,,,n2o,E3hrPt,True,1,mol mol-1,embargoed,"(MOLECULAR_MASS_OF_AIR / MOLECULAR_MASS_OF_N2O)
* m01s34i049[lbproc=0]",HadGEM3_E3hrPt_mappings.cfg
m01s34i001,34,1,0,,,,o3,E3hrPt,True,1,mol mol-1,embargoed,"(MOLECULAR_MASS_OF_AIR / MOLECULAR_MASS_OF_O3)
* m01s34i001[lbproc=0]",HadGEM3_E3hrPt_mappings.cfg
m01s02i348,2,348,0,,,,parasolRefl,E3hrPt,True,1,1,ok,fix_parasol_sza_axis(m01s02i348[lbproc=0]),HadGEM3_E3hrPt_mappings.cfg
m01s00i409,0,409,0,,,,ps,E3hrPt,True,1,Pa,ok,m01s00i409[lbproc=0],HadGEM3_E3hrPt_mappings.cfg
m01s16i222,16,222,0,,,,psl,E3hrPt,True,1,Pa,embargoed,m01s16i222[lbproc=0],HadGEM3_E3hrPt_mappings.cfg
m01s01i220,1,220,0,,,,rsdcs,E3hrPt,True,1,W m-2,embargoed,correct_multilevel_metadata(m01s01i220[lbproc=0]),HadGEM3_E3hrPt_mappings.cfg
m01s01i219,1,219,0,,,,rsucs,E3hrPt,True,1,W m-2,embargoed,correct_multilevel_metadata(m01s01i219[lbproc=0]),HadGEM3_E3hrPt_mappings.cfg
m01s01i211,1,211,0,,,,rsuscs,E3hrPt,True,1,W m-2,embargoed,m01s01i211[lbproc=0],HadGEM3_E3hrPt_mappings.cfg
m01s01i519,1,519,0,86,,,rsutcsaf,E3hrPt,True,1,W m-2,embargoed,"m01s01i519[lblev=86, lbproc=0]",HadGEM3_E3hrPt_mappings.cfg
m01s01i527,1,527,0,86,,,rsutcsafbnd,E3hrPt,True,1,W m-2,embargoed,"m01s01i527[lblev=86, lbproc=0]",HadGEM3_E3hrPt_mappings.cfg
m01s01i511,1,511,0,86,,,rsutcsbnd,E3hrPt,True,1,W m-2,embargoed,"m01s01i511[lblev=86, lbproc=0]",HadGEM3_E3hrPt_mappings.cfg
m01s00i024,0,24,0,,,,ts,E3hrPt,True,1,K,embargoed,m01s00i024[lbproc=0],HadGEM3_E3hrPt_mappings.cfg
m01s05i206,5,206,128,,,,prsnc,E3hr,True,1,kg m-2 s-1,embargoed,m01s05i206[lbproc=128],HadGEM3_E3hr_mappings.cfg
m01s00i409,0,409,192,,,,ps,E6hrZ,True,1,Pa,embargoed,m01s00i409[lbproc=192],HadGEM3_E6hrZ_mappings.cfg
m01s06i115,6,115,192,,,PLEV39,utendnogw,EdayZ,True,1,m s-2,ok,"m01s06i115[blev=PLEV39, lbproc=192]",HadGEM3_EdayZ_mappings.cfg
m01s06i247,6,247,192,,,PLEV39,utendogw,EdayZ,True,1,m s-2,ok,"m01s06i247[blev=PLEV39, lbproc=192]",HadGEM3_EdayZ_mappings.cfg
m01s01i201,1,201,128,,,,rss,Eday,True,1,W m-2,embargoed,m01s01i201[lbproc=128],HadGEM3_Eday_mappings.cfg
m01s06i115,6,115,192,,,PLEV39,utendnogw,EmonZ,True,1,m s-2,ok,"m01s06i115[blev=PLEV39, lbproc=192]",HadGEM3_EmonZ_mappings.cfg
m01s00i033,0,33,128,,,,orog,Emon,True,1,m,ok,m01s00i033[lbproc=128],HadGEM3_Emon_mappings.cfg
m01s30i008,30,8,128,,,,wap,Emon,True,1,Pa s-1,ok,m01s30i008[lbproc=128],HadGEM3_Emon_mappings.cfg
m01s00i409,0,409,0,,,,ps,Esubhr,True,1,Pa,embargoed,m01s00i409[lbproc=0],HadGEM3_Esubhr_mappings.cfg
m01s03i190,3,190,0,,,,tnhuspbl,Esubhr,True,1,s-1,embargoed,m01s03i190[lbproc=0] / ATMOS_TIMESTEP,HadGEM3_Esubhr_mappings.cfg
m01s03i189,3,189,0,,,,tntpbl,Esubhr,True,1,K s-1,embargoed,m01s03i189[lbproc=0] / ATMOS_TIMESTEP,HadGEM3_Esubhr_mappings.cfg
m01s02i161,2,161,0,,,,tntrl,Esubhr,True,1,K s-1,embargoed,m01s02i161[lbproc=0] / ATMOS_TIMESTEP,HadGEM3_Esubhr_mappings.cfg
m01s02i233,2,233,0,,,,tntrlcs,Esubhr,True,1,K s-1,embargoed,m01s02i233[lbproc=0],HadGEM3_Esubhr_mappings.cfg
m01s01i161,1,161,0,,,,tntrs,Esubhr,True,1,K s-1,embargoed,m01s01i161[lbproc=0] / ATMOS_TIMESTEP,HadGEM3_Esubhr_mappings.cfg
m01s01i233,1,233,0,,,,tntrscs,Esubhr,True,1,K s-1,embargoed,m01s01i233[lbproc=0],HadGEM3_Esubhr_mappings.cfg
m01s05i216,5,216,128,,,,pr,GA7mon,True,1,kg m-2 s-1,Internal,"m01s05i216[lbproc=128, lbtim=122]",HadGEM3_GA7mon_mappings.cfg
m01s00i024,0,24,128,,,,ts,GA7mon,True,1,K,Internal,"m01s00i024[lbproc=128, lbtim=122]",HadGEM3_GA7mon_mappings.cfg
m01s02i420,2,420,128,,,,rldcso3ref,GCAERmon,True,1,W m-2,embargoed,correct_multilevel_metadata(m01s02i420[lbproc=128]),HadGEM3_GCAERmon_mappings.cfg
m01s02i418,2,418,128,,,,rldo3ref,GCAERmon,True,1,W m-2,embargoed,correct_multilevel_metadata(m01s02i418[lbproc=128]),HadGEM3_GCAERmon_mappings.cfg
m01s02i420,2,420,128,1,,,rldscso3ref,GCAERmon,True,1,W m-2,embargoed,"m01s02i420[lblev=1, lbproc=128]",HadGEM3_GCAERmon_mappings.cfg
m01s02i418,2,418,128,1,,,rldso3ref,GCAERmon,True,1,W m-2,embargoed,"m01s02i418[lblev=1, lbproc=128]",HadGEM3_GCAERmon_mappings.cfg
m01s02i419,2,419,128,,,,rlucso3ref,GCAERmon,True,1,W m-2,embargoed,correct_multilevel_metadata(m01s02i419[lbproc=128]),HadGEM3_GCAERmon_mappings.cfg
m01s02i417,2,417,128,,,,rluo3ref,GCAERmon,True,1,W m-2,embargoed,correct_multilevel_metadata(m01s02i417[lbproc=128]),HadGEM3_GCAERmon_mappings.cfg
m01s02i419,2,419,128,1,,,rluscso3ref,GCAERmon,True,1,W m-2,embargoed,"m01s02i419[lblev=1, lbproc=128]",HadGEM3_GCAERmon_mappings.cfg
m01s02i417,2,417,128,1,,,rluso3ref,GCAERmon,True,1,W m-2,embargoed,"m01s02i417[lblev=1, lbproc=128]",HadGEM3_GCAERmon_mappings.cfg
m01s02i419,2,419,128,86,,,rlutcso3ref,GCAERmon,True,1,W m-2,embargoed,"m01s02i419[lblev=86, lbproc=128]",HadGEM3_GCAERmon_mappings.cfg
m01s02i417,2,417,128,86,,,rluto3ref,GCAERmon,True,1,W m-2,embargoed,"m01s02i417[lblev=86, lbproc=128]",HadGEM3_GCAERmon_mappings.cfg
m01s01i420,1,420,128,,,,rsdcso3ref,GCAERmon,True,1,W m-2,embargoed,correct_multilevel_metadata(m01s01i420[lbproc=128]),HadGEM3_GCAERmon_mappings.cfg
m01s01i418,1,418,128,,,,rsdo3ref,GCAERmon,True,1,W m-2,embargoed,correct_multilevel_metadata(m01s01i418[lbproc=128]),HadGEM3_GCAERmon_mappings.cfg
m01s01i420,1,420,128,1,,,rsdscso3ref,GCAERmon,True,1,W m-2,embargoed,"m01s01i420[lblev=1, lbproc=128]",HadGEM3_GCAERmon_mappings.cfg
m01s01i418,1,418,128,1,,,rsdso3ref,GCAERmon,True,1,W m-2,embargoed,"m01s01i418[lblev=1, lbproc=128]",HadGEM3_GCAERmon_mappings.cfg
m01s01i419,1,419,128,,,,rsucso3ref,GCAERmon,True,1,W m-2,embargoed,correct_multilevel_metadata(m01s01i419[lbproc=128]),HadGEM3_GCAERmon_mappings.cfg
m01s01i417,1,417,128,,,,rsuo3ref,GCAERmon,True,1,W m-2,embargoed,correct_multilevel_metadata(m01s01i417[lbproc=128]),HadGEM3_GCAERmon_mappings.cfg
m01s01i419,1,419,128,1,,,rsuscso3ref,GCAERmon,True,1,W m-2,embargoed,"m01s01i419[lblev=1, lbproc=128]",HadGEM3_GCAERmon_mappings.cfg
m01s01i417,1,417,128,1,,,rsuso3ref,GCAERmon,True,1,W m-2,embargoed,"m01s01i417[lblev=1, lbproc=128]",HadGEM3_GCAERmon_mappings.cfg
m01s01i419,1,419,128,86,,,rsutcso3ref,GCAERmon,True,1,W m-2,embargoed,"m01s01i419[lblev=86, lbproc=128]",HadGEM3_GCAERmon_mappings.cfg
m01s01i417,1,417,128,86,,,rsuto3ref,GCAERmon,True,1,W m-2,embargoed,"m01s01i417[lblev=86, lbproc=128]",HadGEM3_GCAERmon_mappings.cfg
m01s03i236,3,236,128,,,,tas,GCAmon6hr,True,1,K,ok,"m01s03i236[lbtim_ia=6, lbproc=128]",HadGEM3_GCAmon6hr_mappings.cfg
m01s00i033,0,33,128,,,,orog,LPmon,True,1,m,ok,m01s00i033[lbproc=128],HadGEM3_LPmon_mappings.cfg
m01s03i230,3,230,8192,,,,sfcWindmax,day,True,1,m s-1,ok,m01s03i230[lbproc=8192],HadGEM3_day_mappings.cfg
m01s03i236,3,236,8192,,,,tasmax,day,True,1,K,ok,m01s03i236[lbproc=8192],HadGEM3_day_mappings.cfg
m01s03i236,3,236,4096,,,,tasmin,day,True,1,K,ok,m01s03i236[lbproc=4096],HadGEM3_day_mappings.cfg
m01s50i063,50,63,128,,,,airmass,AERmon,True,1,kg m-2,ok,div_by_area(m01s50i063[lbproc=128]),HadGEM3_mappings.cfg
m01s50i063,50,63,128,,,,airmass,AEmonLev,True,1,kg m-2,ok,div_by_area(m01s50i063[lbproc=128]),HadGEM3_mappings.cfg
m01s01i269,1,269,0,,,,albdiffbnd,E3hrPt,True,1,1,embargoed,m01s01i269[lbproc=0],HadGEM3_mappings.cfg
m01s01i269,1,269,0,,,,albdiffbnd,AP3hrPt,True,1,1,embargoed,m01s01i269[lbproc=0],HadGEM3_mappings.cfg
m01s01i268,1,268,0,,,,albdirbnd,E3hrPt,True,1,1,embargoed,m01s01i268[lbproc=0],HadGEM3_mappings.cfg
m01s01i268,1,268,0,,,,albdirbnd,AP3hrPt,True,1,1,embargoed,m01s01i268[lbproc=0],HadGEM3_mappings.cfg
m01s00i505,0,505,,,,,areacella,fx,True,1,m2,ok,areacella(m01s00i505),HadGEM3_mappings.cfg
m01s00i505,0,505,,,,,areacella,APfx,True,1,m2,ok,areacella(m01s00i505),HadGEM3_mappings.cfg
m01s03i054,3,54,128,,,,ares,Eday,True,1,s m-1,ok,m01s03i054[lbproc=128],HadGEM3_mappings.cfg
m01s03i054,3,54,128,,,,ares,LPday,True,1,s m-1,ok,m01s03i054[lbproc=128],HadGEM3_mappings.cfg
m01s03i304,3,304,128,,,,bldep,AERmon,True,1,m,ok,m01s03i304[lbproc=128],HadGEM3_mappings.cfg
m01s03i304,3,304,128,,,,bldep,6hrPlev,True,1,m,ok,m01s03i304[lbproc=128],HadGEM3_mappings.cfg
m01s03i304,3,304,128,,,,bldep,AEmon,True,1,m,ok,m01s03i304[lbproc=128],HadGEM3_mappings.cfg
m01s03i304,3,304,128,,,,bldep,AE6hr,True,1,m,ok,m01s03i304[lbproc=128],HadGEM3_mappings.cfg
m01s34i014,34,14,128,,,,c2h6,AERmon,True,1,mol mol-1,ok,(MOLECULAR_MASS_OF_AIR / MOLECULAR_MASS_OF_C2H6) * m01s34i014[lbproc=128],HadGEM3_mappings.cfg
m01s34i014,34,14,128,,,,c2h6,AEmonLev,True,1,mol mol-1,ok,(MOLECULAR_MASS_OF_AIR / MOLECULAR_MASS_OF_C2H6) * m01s34i014[lbproc=128],HadGEM3_mappings.cfg
m01s34i018,34,18,128,,,,c3h8,AERmon,True,1,mol mol-1,ok,(MOLECULAR_MASS_OF_AIR / MOLECULAR_MASS_OF_C3H8) * m01s34i018[lbproc=128],HadGEM3_mappings.cfg
m01s34i018,34,18,128,,,,c3h8,AEmonLev,True,1,mol mol-1,ok,(MOLECULAR_MASS_OF_AIR / MOLECULAR_MASS_OF_C3H8) * m01s34i018[lbproc=128],HadGEM3_mappings.cfg
m01s02i372,2,372,128,,,,cfadDbze94,Emon,True,1,1,ok,m01s02i372[lbproc=128],HadGEM3_mappings.cfg
m01s02i372,2,372,128,,,,cfadDbze94,APmon,True,1,1,ok,m01s02i372[lbproc=128],HadGEM3_mappings.cfg
m01s02i370,2,370,128,,,,cfadLidarsr532,Emon,True,1,1,ok,m01s02i370[lbproc=128],HadGEM3_mappings.cfg
m01s02i370,2,370,128,,,,cfadLidarsr532,APmon,True,1,1,ok,m01s02i370[lbproc=128],HadGEM3_mappings.cfg
m01s34i022,34,22,128,,,,ch3coch3,AERmon,True,1,mol mol-1,ok,(MOLECULAR_MASS_OF_AIR / MOLECULAR_MASS_OF_CH3COCH3) * m01s34i022[lbproc=128],HadGEM3_mappings.cfg
m01s34i022,34,22,128,,,,ch3coch3,AEmonLev,True,1,mol mol-1,ok,(MOLECULAR_MASS_OF_AIR / MOLECULAR_MASS_OF_CH3COCH3) * m01s34i022[lbproc=128],HadGEM3_mappings.cfg
m01s50i150,50,150,128,,,,chegpso4,AERmon,True,1,g m-2 s-1,ok,"achem_emdrywet(MOLECULAR_MASS_OF_SO4, m01s50i150[lbproc=128], areadiv='True')",HadGEM3_mappings.cfg
m01s50i150,50,150,128,,,,chegpso4,AEmonLev,True,1,g m-2 s-1,ok,"achem_emdrywet(MOLECULAR_MASS_OF_SO4, m01s50i150[lbproc=128], areadiv='True')",HadGEM3_mappings.cfg
m01s05i269,5,269,128,,,,ci,Amon,True,1,1,ok,m01s05i269[lbproc=128],HadGEM3_mappings.cfg
m01s05i269,5,269,128,,,,ci,APmon,True,1,1,ok,m01s05i269[lbproc=128],HadGEM3_mappings.cfg
m01s02i261,2,261,128,,,,cl,Amon,True,1,1,ok,m01s02i261[lbproc=128],HadGEM3_mappings.cfg
m01s02i261,2,261,128,,,,cl,CFday,True,1,1,ok,m01s02i261[lbproc=128],HadGEM3_mappings.cfg
m01s02i261,2,261,128,,,,cl,APmonLev,True,1,1,ok,m01s02i261[lbproc=128],HadGEM3_mappings.cfg
m01s02i261,2,261,128,,,,cl,APdayLev,True,1,1,ok,m01s02i261[lbproc=128],HadGEM3_mappings.cfg
m01s02i317,2,317,128,,,,clc,CFmon,True,1,1,ok,m01s02i317[lbproc=128],HadGEM3_mappings.cfg
m01s02i317,2,317,128,,,,clc,APmonLev,True,1,1,ok,m01s02i317[lbproc=128],HadGEM3_mappings.cfg
m01s02i309,2,309,128,,,,cli,Amon,True,1,kg kg-1,ok,m01s02i309[lbproc=128],HadGEM3_mappings.cfg
m01s02i309,2,309,128,,,,cli,CFday,True,1,kg kg-1,ok,m01s02i309[lbproc=128],HadGEM3_mappings.cfg
m01s02i309,2,309,128,,,,cli,APmonLev,True,1,kg kg-1,ok,m01s02i309[lbproc=128],HadGEM3_mappings.cfg
m01s02i309,2,309,128,,,,cli,APdayLev,True,1,kg kg-1,ok,m01s02i309[lbproc=128],HadGEM3_mappings.cfg
m01s02i319,2,319,128,,,,clic,CFmon,True,1,1,ok,m01s02i319[lbproc=128],HadGEM3_mappings.cfg
m01s02i319,2,319,128,,,,clic,APmonLev,True,1,1,ok,m01s02i319[lbproc=128],HadGEM3_mappings.cfg
m01s02i392,2,392,128,,,,clivi,Amon,True,1,kg m-2,ok,m01s02i392[lbproc=128],HadGEM3_mappings.cfg
m01s02i392,2,392,128,,,,clivi,CFday,True,1,kg m-2,ok,m01s02i392[lbproc=128],HadGEM3_mappings.cfg
m01s02i392,2,392,128,,,,clivi,APmon,True,1,kg m-2,ok,m01s02i392[lbproc=128],HadGEM3_mappings.cfg
m01s02i392,2,392,128,,,,clivi,APday,True,1,kg m-2,ok,m01s02i392[lbproc=128],HadGEM3_mappings.cfg
m01s02i396,2,396,128,,,,clivic,Eday,True,1,kg m-2,ok,m01s02i396[lbproc=128],HadGEM3_mappings.cfg
m01s02i396,2,396,128,,,,clivic,APday,True,1,kg m-2,ok,m01s02i396[lbproc=128],HadGEM3_mappings.cfg
m01s02i204,2,204,128,,,,clt,Amon,True,1,1,ok,m01s02i204[lbproc=128],HadGEM3_mappings.cfg
m01s02i204,2,204,128,,,,clt,3hr,True,1,1,ok,m01s02i204[lbproc=128],HadGEM3_mappings.cfg
m01s02i204,2,204,128,,,,clt,day,True,1,1,ok,m01s02i204[lbproc=128],HadGEM3_mappings.cfg
m01s02i204,2,204,128,,,,clt,APmon,True,1,1,ok,m01s02i204[lbproc=128],HadGEM3_mappings.cfg
m01s02i204,2,204,128,,,,clt,AP3hr,True,1,1,ok,m01s02i204[lbproc=128],HadGEM3_mappings.cfg
m01s02i204,2,204,128,,,,clt,APday,True,1,1,ok,m01s02i204[lbproc=128],HadGEM3_mappings.cfg
m01s02i308,2,308,128,,,,clw,Amon,True,1,kg kg-1,ok,m01s02i308[lbproc=128],HadGEM3_mappings.cfg
m01s02i308,2,308,128,,,,clw,CFday,True,1,kg kg-1,ok,m01s02i308[lbproc=128],HadGEM3_mappings.cfg
m01s02i308,2,308,128,,,,clw,APmonLev,True,1,kg kg-1,ok,m01s02i308[lbproc=128],HadGEM3_mappings.cfg
m01s02i308,2,308,128,,,,clw,APdayLev,True,1,kg kg-1,ok,m01s02i308[lbproc=128],HadGEM3_mappings.cfg
m01s02i318,2,318,128,,,,clwc,CFmon,True,1,1,ok,m01s02i318[lbproc=128],HadGEM3_mappings.cfg
m01s02i318,2,318,128,,,,clwc,APmonLev,True,1,1,ok,m01s02i318[lbproc=128],HadGEM3_mappings.cfg
m01s34i010,34,10,128,,,,co,AERmon,True,1,mol mol-1,ok,(MOLECULAR_MASS_OF_AIR / MOLECULAR_MASS_OF_CO) * m01s34i010[lbproc=128],HadGEM3_mappings.cfg
m01s34i010,34,10,128,,,,co,AEmonLev,True,1,mol mol-1,ok,(MOLECULAR_MASS_OF_AIR / MOLECULAR_MASS_OF_CO) * m01s34i010[lbproc=128],HadGEM3_mappings.cfg
m01s30i465,30,465,128,,,,co2mass,Amon,True,1,kg,ok,m01s30i465[lbproc=128],HadGEM3_mappings.cfg
m01s30i465,30,465,128,,,,co2mass,APmon,True,1,kg,ok,m01s30i465[lbproc=128],HadGEM3_mappings.cfg
m01s17i257,17,257,128,,,,concdust,Emon,True,1,ug m-3,ok,m01s17i257[lbproc=128],HadGEM3_mappings.cfg
m01s17i257,17,257,128,,,,concdust,APmonLev,True,1,ug m-3,ok,m01s17i257[lbproc=128],HadGEM3_mappings.cfg
m01s08i209,8,209,128,,,,cw,Eday,True,1,kg m-2,ok,m01s08i209[lbproc=128],HadGEM3_mappings.cfg
m01s08i209,8,209,128,,,,cw,LPday,True,1,kg m-2,ok,m01s08i209[lbproc=128],HadGEM3_mappings.cfg
m01s03i440,3,440,128,,,,depdust,Emon,True,1,kg m-2 s-1,ok,m01s03i440[lbproc=128],HadGEM3_mappings.cfg
m01s03i440,3,440,128,,,,depdust,AEmon,True,1,kg m-2 s-1,ok,m01s03i440[lbproc=128],HadGEM3_mappings.cfg
m01s34i071,34,71,128,,,,dms,AERmon,True,1,mol mol-1,ok,m01s34i071[lbproc=128] * (MOLECULAR_MASS_OF_AIR / MOLECULAR_MASS_OF_DMS),HadGEM3_mappings.cfg
m01s34i071,34,71,128,,,,dms,AEmonLev,True,1,mol mol-1,ok,m01s34i071[lbproc=128] * (MOLECULAR_MASS_OF_AIR / MOLECULAR_MASS_OF_DMS),HadGEM3_mappings.cfg
m01s50i131,50,131,128,,,,dryo3,AERmon,True,1,g m-2 s-1,ok,"achem_emdrywet(MOLECULAR_MASS_OF_O3, m01s50i131[lbproc=128], sumlev='True', areadiv='True')",HadGEM3_mappings.cfg
m01s50i131,50,131,128,,,,dryo3,AEmon,True,1,g m-2 s-1,ok,"achem_emdrywet(MOLECULAR_MASS_OF_O3, m01s50i131[lbproc=128], sumlev='True', areadiv='True')",HadGEM3_mappings.cfg
m01s03i297,3,297,128,,,,ec,Eday,True,1,kg m-2 s-1,ok,m01s03i297[lbproc=128],HadGEM3_mappings.cfg
m01s03i297,3,297,128,,,,ec,LPday,True,1,kg m-2 s-1,ok,m01s03i297[lbproc=128],HadGEM3_mappings.cfg
m01s38i207,38,207,128,,,,emibc,AERmon,True,1,g m-2 s-1,ok,"achem_emdrywet(ATOMIC_MASS_OF_C, m01s38i207[lbproc=128], sumlev='True', areadiv='True')",HadGEM3_mappings.cfg
m01s38i207,38,207,128,,,,emibc,AEmon,True,1,g m-2 s-1,ok,"achem_emdrywet(ATOMIC_MASS_OF_C, m01s38i207[lbproc=128], sumlev='True', areadiv='True')",HadGEM3_mappings.cfg
m01s50i158,50,158,128,,,,emico,AERmon,True,1,kg m-2 s-1,ok,m01s50i158[lbproc=128],HadGEM3_mappings.cfg
m01s50i158,50,158,128,,,,emico,AEmon,True,1,kg m-2 s-1,ok,m01s50i158[lbproc=128],HadGEM3_mappings.cfg
m01s50i214,50,214,128,,,,emidms,AERmon,True,1,kg m-2 s-1,ok,m01s50i214[lbproc=128],HadGEM3_mappings.cfg
m01s50i214,50,214,128,,,,emidms,AEmon,True,1,kg m-2 s-1,ok,m01s50i214[lbproc=128],HadGEM3_mappings.cfg
m01s50i081,50,81,128,,,,emilnox,AERmon,True,1,mol s-1,ok,m01s50i081[lbproc=128],HadGEM3_mappings.cfg
m01s50i081,50,81,128,,,,emilnox,AEmonLev,True,1,mol s-1,ok,m01s50i081[lbproc=128],HadGEM3_mappings.cfg
m01s03i288,3,288,128,,7,,eow,Eday,True,1,kg m-2 s-1,embargoed,"m01s03i288[lbplev=7, lbproc=128]",HadGEM3_mappings.cfg
m01s03i288,3,288,128,,7,,eow,LPday,True,1,kg m-2 s-1,embargoed,"m01s03i288[lbplev=7, lbproc=128]",HadGEM3_mappings.cfg
m01s03i296,3,296,128,,,,es,Eday,True,1,kg m-2 s-1,ok,m01s03i296[lbproc=128],HadGEM3_mappings.cfg
m01s03i296,3,296,128,,,,es,LPday,True,1,kg m-2 s-1,ok,m01s03i296[lbproc=128],HadGEM3_mappings.cfg
m01s03i223,3,223,128,,,,evspsbl,Amon,True,1,kg m-2 s-1,ok,m01s03i223[lbproc=128],HadGEM3_mappings.cfg
m01s03i223,3,223,128,,,,evspsbl,Eday,True,1,kg m-2 s-1,ok,m01s03i223[lbproc=128],HadGEM3_mappings.cfg
m01s03i223,3,223,128,,,,evspsbl,APmon,True,1,kg m-2 s-1,ok,m01s03i223[lbproc=128],HadGEM3_mappings.cfg
m01s03i223,3,223,128,,,,evspsbl,LPday,True,1,kg m-2 s-1,ok,m01s03i223[lbproc=128],HadGEM3_mappings.cfg
m01s03i334,3,334,128,,,,evspsblpot,Emon,True,1,kg m-2 s-1,ok,m01s03i334[lbproc=128],HadGEM3_mappings.cfg
m01s03i334,3,334,128,,,,evspsblpot,Eday,True,1,kg m-2 s-1,ok,m01s03i334[lbproc=128],HadGEM3_mappings.cfg
m01s03i334,3,334,128,,,,evspsblpot,LPmon,True,1,kg m-2 s-1,ok,m01s03i334[lbproc=128],HadGEM3_mappings.cfg
m01s03i334,3,334,128,,,,evspsblpot,LPday,True,1,kg m-2 s-1,ok,m01s03i334[lbproc=128],HadGEM3_mappings.cfg
m01s03i297,3,297,128,,,,evspsblveg,Lmon,True,1,kg m-2 s-1,ok,m01s03i297[lbproc=128],HadGEM3_mappings.cfg
m01s03i297,3,297,128,,,,evspsblveg,LPmon,True,1,kg m-2 s-1,ok,m01s03i297[lbproc=128],HadGEM3_mappings.cfg
m01s50i082,50,82,128,,,,flashrate,Emon,True,1,m-2 min-1,ok,div_by_area(m01s50i082[lbproc=128]),HadGEM3_mappings.cfg
m01s50i082,50,82,128,,,,flashrate,ACmon,True,1,m-2 min-1,ok,div_by_area(m01s50i082[lbproc=128]),HadGEM3_mappings.cfg
m01s03i261,3,261,128,,,,gpp,E3hr,True,1,kg m-2 s-1,ok,m01s03i261[lbproc=128],HadGEM3_mappings.cfg
m01s03i261,3,261,128,,,,gpp,LP3hr,True,1,kg m-2 s-1,ok,m01s03i261[lbproc=128],HadGEM3_mappings.cfg
m01s34i011,34,11,128,,,,hcho,AERmon,True,1,mol mol-1,ok,(MOLECULAR_MASS_OF_AIR / MOLECULAR_MASS_OF_HCHO) * m01s34i011[lbproc=128],HadGEM3_mappings.cfg
m01s34i011,34,11,128,,,,hcho,AEmonLev,True,1,mol mol-1,ok,(MOLECULAR_MASS_OF_AIR / MOLECULAR_MASS_OF_HCHO) * m01s34i011[lbproc=128],HadGEM3_mappings.cfg
m01s34i992,34,992,128,,,,hcl,AERmon,True,1,mol mol-1,ok,(MOLECULAR_MASS_OF_AIR / MOLECULAR_MASS_OF_HCL) * m01s34i992[lbproc=128],HadGEM3_mappings.cfg
m01s34i992,34,992,128,,,,hcl,AEmonLev,True,1,mol mol-1,ok,(MOLECULAR_MASS_OF_AIR / MOLECULAR_MASS_OF_HCL) * m01s34i992[lbproc=128],HadGEM3_mappings.cfg
m01s08i202,8,202,128,,,,hfdsn,LImon,True,1,W m-2,embargoed,m01s08i202[lbproc=128],HadGEM3_mappings.cfg
m01s08i202,8,202,128,,,,hfdsn,Eday,True,1,W m-2,embargoed,m01s08i202[lbproc=128],HadGEM3_mappings.cfg
m01s08i202,8,202,128,,,,hfdsn,LIday,True,1,W m-2,embargoed,m01s08i202[lbproc=128],HadGEM3_mappings.cfg
m01s03i234,3,234,128,,,,hfls,Amon,True,1,W m-2,ok,m01s03i234[lbproc=128],HadGEM3_mappings.cfg
m01s03i234,3,234,128,,,,hfls,3hr,True,1,W m-2,ok,m01s03i234[lbproc=128],HadGEM3_mappings.cfg
m01s03i234,3,234,128,,,,hfls,day,True,1,W m-2,ok,m01s03i234[lbproc=128],HadGEM3_mappings.cfg
m01s03i234,3,234,128,,,,hfls,APmon,True,1,W m-2,ok,m01s03i234[lbproc=128],HadGEM3_mappings.cfg
m01s03i234,3,234,128,,,,hfls,AP3hr,True,1,W m-2,ok,m01s03i234[lbproc=128],HadGEM3_mappings.cfg
m01s03i234,3,234,128,,,,hfls,APday,True,1,W m-2,ok,m01s03i234[lbproc=128],HadGEM3_mappings.cfg
m01s03i217,3,217,128,,,,hfss,Amon,True,1,W m-2,ok,m01s03i217[lbproc=128],HadGEM3_mappings.cfg
m01s03i217,3,217,128,,,,hfss,3hr,True,1,W m-2,ok,m01s03i217[lbproc=128],HadGEM3_mappings.cfg
m01s03i217,3,217,128,,,,hfss,day,True,1,W m-2,ok,m01s03i217[lbproc=128],HadGEM3_mappings.cfg
m01s03i217,3,217,128,,,,hfss,APmon,True,1,W m-2,ok,m01s03i217[lbproc=128],HadGEM3_mappings.cfg
m01s03i217,3,217,128,,,,hfss,AP3hr,True,1,W m-2,ok,m01s03i217[lbproc=128],HadGEM3_mappings.cfg
m01s03i217,3,217,128,,,,hfss,APday,True,1,W m-2,ok,m01s03i217[lbproc=128],HadGEM3_mappings.cfg
m01s34i007,34,7,128,,,,hno3,AERmon,True,1,mol mol-1,ok,(MOLECULAR_MASS_OF_AIR / MOLECULAR_MASS_OF_HNO3) * m01s34i007[lbproc=128],HadGEM3_mappings.cfg
m01s34i007,34,7,128,,,,hno3,AEmonLev,True,1,mol mol-1,ok,(MOLECULAR_MASS_OF_AIR / MOLECULAR_MASS_OF_HNO3) * m01s34i007[lbproc=128],HadGEM3_mappings.cfg
m01s30i113,30,113,128,,,,hur,CFmon,True,1,%,ok,m01s30i113[lbproc=128],HadGEM3_mappings.cfg
m01s30i113,30,113,128,,,,hur,CFday,True,1,%,ok,m01s30i113[lbproc=128],HadGEM3_mappings.cfg
m01s30i113,30,113,128,,,,hur,APmonLev,True,1,%,ok,m01s30i113[lbproc=128],HadGEM3_mappings.cfg
m01s30i113,30,113,128,,,,hur,APdayLev,True,1,%,ok,m01s30i113[lbproc=128],HadGEM3_mappings.cfg
m01s03i245,3,245,128,,,,hurs,Amon,True,1,%,ok,m01s03i245[lbproc=128],HadGEM3_mappings.cfg
m01s03i245,3,245,128,,,,hurs,day,True,1,%,ok,m01s03i245[lbproc=128],HadGEM3_mappings.cfg
m01s03i245,3,245,128,,,,hurs,6hrPlev,True,1,%,ok,m01s03i245[lbproc=128],HadGEM3_mappings.cfg
m01s03i245,3,245,128,,,,hurs,APmon,True,1,%,ok,m01s03i245[lbproc=128],HadGEM3_mappings.cfg
m01s03i245,3,245,128,,,,hurs,APday,True,1,%,ok,m01s03i245[lbproc=128],HadGEM3_mappings.cfg
m01s03i245,3,245,128,,,,hurs,AP6hr,True,1,%,ok,m01s03i245[lbproc=128],HadGEM3_mappings.cfg
m01s03i245,3,245,8192,,,,hursmax,day,True,1,%,embargoed,m01s03i245[lbproc=8192],HadGEM3_mappings.cfg
m01s03i245,3,245,8192,,,,hursmax,APday,True,1,%,embargoed,m01s03i245[lbproc=8192],HadGEM3_mappings.cfg
m01s03i245,3,245,4096,,,,hursmin,day,True,1,%,embargoed,m01s03i245[lbproc=4096],HadGEM3_mappings.cfg
m01s03i245,3,245,4096,,,,hursmin,APday,True,1,%,embargoed,m01s03i245[lbproc=4096],HadGEM3_mappings.cfg
m01s03i245,3,245,4096,,,,hursminCrop,Eday,True,1,%,embargoed,m01s03i245[lbproc=4096],HadGEM3_mappings.cfg
m01s03i245,3,245,4096,,,,hursminCrop,APday,True,1,%,embargoed,m01s03i245[lbproc=4096],HadGEM3_mappings.cfg
m01s03i237,3,237,128,,,,huss,Amon,True,1,1,ok,m01s03i237[lbproc=128],HadGEM3_mappings.cfg
m01s03i237,3,237,128,,,,huss,day,True,1,1,ok,m01s03i237[lbproc=128],HadGEM3_mappings.cfg
m01s03i237,3,237,128,,,,huss,APmon,True,1,1,ok,m01s03i237[lbproc=128],HadGEM3_mappings.cfg
m01s03i237,3,237,128,,,,huss,APday,True,1,1,ok,m01s03i237[lbproc=128],HadGEM3_mappings.cfg
m01s30i462,30,462,128,,,,intuaw,Emon,True,1,kg m-1 s-1,ok,m01s30i462[lbproc=128],HadGEM3_mappings.cfg
m01s30i462,30,462,128,,,,intuaw,APmon,True,1,kg m-1 s-1,ok,m01s30i462[lbproc=128],HadGEM3_mappings.cfg
m01s30i463,30,463,128,,,,intvaw,Emon,True,1,kg m-1 s-1,ok,m01s30i463[lbproc=128],HadGEM3_mappings.cfg
m01s30i463,30,463,128,,,,intvaw,APmon,True,1,kg m-1 s-1,ok,m01s30i463[lbproc=128],HadGEM3_mappings.cfg
m01s34i027,34,27,128,,,,isop,AERmon,True,1,mol mol-1,ok,(MOLECULAR_MASS_OF_AIR / MOLECULAR_MASS_OF_ISOPRENE) * m01s34i027[lbproc=128],HadGEM3_mappings.cfg
m01s34i027,34,27,128,,,,isop,AEmonLev,True,1,mol mol-1,ok,(MOLECULAR_MASS_OF_AIR / MOLECULAR_MASS_OF_ISOPRENE) * m01s34i027[lbproc=128],HadGEM3_mappings.cfg
m01s50i229,50,229,128,,,,jno2,AERmon,True,1,s-1,ok,m01s50i229[lbproc=128],HadGEM3_mappings.cfg
m01s50i229,50,229,128,,,,jno2,AEmonLev,True,1,s-1,ok,m01s50i229[lbproc=128],HadGEM3_mappings.cfg
m01s02i391,2,391,128,,,,lwp,AERmon,True,1,kg m-2,ok,m01s02i391[lbproc=128],HadGEM3_mappings.cfg
m01s02i391,2,391,128,,,,lwp,AEmon,True,1,kg m-2,ok,m01s02i391[lbproc=128],HadGEM3_mappings.cfg
m01s03i304,3,304,8192,,,,maxpblz,AERday,True,1,m,ok,m01s03i304[lbproc=8192],HadGEM3_mappings.cfg
m01s03i304,3,304,8192,,,,maxpblz,AEday,True,1,m,ok,m01s03i304[lbproc=8192],HadGEM3_mappings.cfg
m01s05i251,5,251,128,,,,mcd,CFmon,True,1,kg m-2 s-1,ok,m01s05i251[lbproc=128] / ACCELERATION_DUE_TO_EARTH_GRAVITY,HadGEM3_mappings.cfg
m01s05i251,5,251,128,,,,mcd,APmonLev,True,1,kg m-2 s-1,ok,m01s05i251[lbproc=128] / ACCELERATION_DUE_TO_EARTH_GRAVITY,HadGEM3_mappings.cfg
m01s05i250,5,250,128,,,,mcu,CFmon,True,1,kg m-2 s-1,ok,m01s05i250[lbproc=128] / ACCELERATION_DUE_TO_EARTH_GRAVITY,HadGEM3_mappings.cfg
m01s05i250,5,250,128,,,,mcu,APmonLev,True,1,kg m-2 s-1,ok,m01s05i250[lbproc=128] / ACCELERATION_DUE_TO_EARTH_GRAVITY,HadGEM3_mappings.cfg
m01s03i304,3,304,4096,,,,minpblz,AERday,True,1,m,ok,m01s03i304[lbproc=4096],HadGEM3_mappings.cfg
m01s03i304,3,304,4096,,,,minpblz,AEday,True,1,m,ok,m01s03i304[lbproc=4096],HadGEM3_mappings.cfg
m01s08i235,8,235,128,,,,mrrob,GCLmon,True,1,kg m-2 s-1,ok,m01s08i235[lbproc=128],HadGEM3_mappings.cfg
m01s08i235,8,235,128,,,,mrrob,Eday,True,1,kg m-2 s-1,ok,m01s08i235[lbproc=128],HadGEM3_mappings.cfg
m01s08i235,8,235,128,,,,mrrob,LPday,True,1,kg m-2 s-1,ok,m01s08i235[lbproc=128],HadGEM3_mappings.cfg
m01s08i234,8,234,128,,,,mrros,Lmon,True,1,kg m-2 s-1,ok,m01s08i234[lbproc=128],HadGEM3_mappings.cfg
m01s08i234,8,234,128,,,,mrros,Eday,True,1,kg m-2 s-1,ok,m01s08i234[lbproc=128],HadGEM3_mappings.cfg
m01s08i234,8,234,128,,,,mrros,LPmon,True,1,kg m-2 s-1,ok,m01s08i234[lbproc=128],HadGEM3_mappings.cfg
m01s08i234,8,234,128,,,,mrros,LPday,True,1,kg m-2 s-1,ok,m01s08i234[lbproc=128],HadGEM3_mappings.cfg
m01s08i223,8,223,128,,,,mrso,day,True,1,kg m-2,ok,level_sum(m01s08i223[lbproc=128]),HadGEM3_mappings.cfg
m01s08i223,8,223,128,,,,mrso,Lmon,True,1,kg m-2,ok,level_sum(m01s08i223[lbproc=128]),HadGEM3_mappings.cfg
m01s08i223,8,223,128,,,,mrso,LPday,True,1,kg m-2,ok,level_sum(m01s08i223[lbproc=128]),HadGEM3_mappings.cfg
m01s08i223,8,223,128,,,,mrso,LPmon,True,1,kg m-2,ok,level_sum(m01s08i223[lbproc=128]),HadGEM3_mappings.cfg
m01s00i041,0,41,,,,,mrsofc,fx,True,1,kg m-2,ok,mask_zeros(m01s00i041 * FRESHWATER_DENSITY),HadGEM3_mappings.cfg
m01s00i041,0,41,,,,,mrsofc,LPfx,True,1,kg m-2,ok,mask_zeros(m01s00i041 * FRESHWATER_DENSITY),HadGEM3_mappings.cfg
m01s08i223,8,223,128,,,,mrsol,Emon,True,1,kg m-2,ok,m01s08i223[lbproc=128],HadGEM3_mappings.cfg
m01s08i223,8,223,128,,,,mrsol,Eday,True,1,kg m-2,ok,m01s08i223[lbproc=128],HadGEM3_mappings.cfg
m01s08i223,8,223,128,,,,mrsol,LPmon,True,1,kg m-2,ok,m01s08i223[lbproc=128],HadGEM3_mappings.cfg
m01s08i223,8,223,128,,,,mrsol,LPday,True,1,kg m-2,ok,m01s08i223[lbproc=128],HadGEM3_mappings.cfg
m01s08i223,8,223,128,,,0.05,mrsos,day,True,1,kg m-2,ok,"m01s08i223[blev=0.05, lbproc=128]",HadGEM3_mappings.cfg
m01s08i223,8,223,128,,,0.05,mrsos,Lmon,True,1,kg m-2,ok,"m01s08i223[blev=0.05, lbproc=128]",HadGEM3_mappings.cfg
m01s08i223,8,223,128,,,0.05,mrsos,LPday,True,1,kg m-2,ok,"m01s08i223[blev=0.05, lbproc=128]",HadGEM3_mappings.cfg
m01s08i223,8,223,128,,,0.05,mrsos,LPmon,True,1,kg m-2,ok,"m01s08i223[blev=0.05, lbproc=128]",HadGEM3_mappings.cfg
m01s34i002,34,2,128,,,,no,AERmon,True,1,mol mol-1,ok,(MOLECULAR_MASS_OF_AIR / MOLECULAR_MASS_OF_NO) * m01s34i002[lbproc=128],HadGEM3_mappings.cfg
m01s34i002,34,2,128,,,,no,AEmonLev,True,1,mol mol-1,ok,(MOLECULAR_MASS_OF_AIR / MOLECULAR_MASS_OF_NO) * m01s34i002[lbproc=128],HadGEM3_mappings.cfg
m01s34i996,34,996,128,,,,no2,AERmon,True,1,mol mol-1,ok,(MOLECULAR_MASS_OF_AIR / MOLECULAR_MASS_OF_NO2) * m01s34i996[lbproc=128],HadGEM3_mappings.cfg
m01s34i996,34,996,128,,,,no2,AEmonLev,True,1,mol mol-1,ok,(MOLECULAR_MASS_OF_AIR / MOLECULAR_MASS_OF_NO2) * m01s34i996[lbproc=128],HadGEM3_mappings.cfg
m01s02i285,2,285,128,,2,,od443dust,Emon,True,1,1,ok,"m01s02i285[lbplev=2, lbproc=128]",HadGEM3_mappings.cfg
m01s02i285,2,285,128,,2,,od443dust,APmon,True,1,1,ok,"m01s02i285[lbplev=2, lbproc=128]",HadGEM3_mappings.cfg
m01s02i285,2,285,128,,3,,od550dust,AERmon,True,1,1,ok,"m01s02i285[lbplev=3, lbproc=128]",HadGEM3_mappings.cfg
m01s02i285,2,285,128,,3,,od550dust,AEmon,True,1,1,ok,"m01s02i285[lbplev=3, lbproc=128]",HadGEM3_mappings.cfg
m01s02i285,2,285,128,,5,,od865dust,Emon,True,1,1,ok,"m01s02i285[lbplev=5, lbproc=128]",HadGEM3_mappings.cfg
m01s02i285,2,285,128,,5,,od865dust,APmon,True,1,1,ok,"m01s02i285[lbplev=5, lbproc=128]",HadGEM3_mappings.cfg
m01s34i081,34,81,128,,,,oh,AERmon,True,1,mol mol-1,ok,(MOLECULAR_MASS_OF_AIR / MOLECULAR_MASS_OF_OH) * m01s34i081[lbproc=128],HadGEM3_mappings.cfg
m01s34i081,34,81,128,,,,oh,AEmonLev,True,1,mol mol-1,ok,(MOLECULAR_MASS_OF_AIR / MOLECULAR_MASS_OF_OH) * m01s34i081[lbproc=128],HadGEM3_mappings.cfg
m01s00i033,0,33,,,,,orog,fx,True,1,m,ok,m01s00i033,HadGEM3_mappings.cfg
m01s00i033,0,33,,,,,orog,LPfx,True,1,m,ok,m01s00i033,HadGEM3_mappings.cfg
m01s34i017,34,17,128,,,,pan,AERmon,True,1,mol mol-1,ok,(MOLECULAR_MASS_OF_AIR / MOLECULAR_MASS_OF_PAN) * m01s34i017[lbproc=128],HadGEM3_mappings.cfg
m01s34i017,34,17,128,,,,pan,AEmonLev,True,1,mol mol-1,ok,(MOLECULAR_MASS_OF_AIR / MOLECULAR_MASS_OF_PAN) * m01s34i017[lbproc=128],HadGEM3_mappings.cfg
m01s02i348,2,348,128,,,,parasolRefl,Emon,True,1,1,ok,fix_parasol_sza_axis(m01s02i348[lbproc=128]),HadGEM3_mappings.cfg
m01s02i348,2,348,128,,,,parasolRefl,Eday,True,1,1,ok,fix_parasol_sza_axis(m01s02i348[lbproc=128]),HadGEM3_mappings.cfg
m01s02i348,2,348,128,,,,parasolRefl,APmon,True,1,1,ok,fix_parasol_sza_axis(m01s02i348[lbproc=128]),HadGEM3_mappings.cfg
m01s02i348,2,348,128,,,,parasolRefl,APday,True,1,1,ok,fix_parasol_sza_axis(m01s02i348[lbproc=128]),HadGEM3_mappings.cfg
m01s00i408,0,408,128,,,,pfull,AERmon,True,1,Pa,ok,m01s00i408[lbproc=128],HadGEM3_mappings.cfg
m01s00i408,0,408,128,,,,pfull,CFday,True,1,Pa,ok,m01s00i408[lbproc=128],HadGEM3_mappings.cfg
m01s00i408,0,408,128,,,,pfull,AEmonLev,True,1,Pa,ok,m01s00i408[lbproc=128],HadGEM3_mappings.cfg
m01s00i408,0,408,128,,,,pfull,APdayLev,True,1,Pa,ok,m01s00i408[lbproc=128],HadGEM3_mappings.cfg
m01s00i407,0,407,128,,,,phalf,AERmon,True,1,Pa,ok,m01s00i407[lbproc=128],HadGEM3_mappings.cfg
m01s00i407,0,407,128,,,,phalf,CFday,True,1,Pa,ok,m01s00i407[lbproc=128],HadGEM3_mappings.cfg
m01s00i407,0,407,128,,,,phalf,AEmonLev,True,1,Pa,ok,m01s00i407[lbproc=128],HadGEM3_mappings.cfg
m01s00i407,0,407,128,,,,phalf,APdayLev,True,1,Pa,ok,m01s00i407[lbproc=128],HadGEM3_mappings.cfg
m01s50i228,50,228,128,,,,photo1d,AERmon,True,1,s-1,ok,m01s50i228[lbproc=128],HadGEM3_mappings.cfg
m01s50i228,50,228,128,,,,photo1d,AEmonLev,True,1,s-1,ok,m01s50i228[lbproc=128],HadGEM3_mappings.cfg
m01s05i216,5,216,128,,,,pr,3hr,True,1,kg m-2 s-1,ok,m01s05i216[lbproc=128],HadGEM3_mappings.cfg
m01s05i216,5,216,128,,,,pr,6hrPlev,True,1,kg m-2 s-1,ok,m01s05i216[lbproc=128],HadGEM3_mappings.cfg
m01s05i216,5,216,128,,,,pr,Amon,True,1,kg m-2 s-1,ok,m01s05i216[lbproc=128],HadGEM3_mappings.cfg
m01s05i216,5,216,128,,,,pr,E1hr,True,1,kg m-2 s-1,ok,m01s05i216[lbproc=128],HadGEM3_mappings.cfg
m01s05i216,5,216,128,,,,pr,day,True,1,kg m-2 s-1,ok,m01s05i216[lbproc=128],HadGEM3_mappings.cfg
m01s05i216,5,216,128,,,,pr,CresAERday,True,1,kg m-2 s-1,ok,m01s05i216[lbproc=128],HadGEM3_mappings.cfg
m01s05i216,5,216,128,,,,pr,AP1hr,True,1,kg m-2 s-1,ok,m01s05i216[lbproc=128],HadGEM3_mappings.cfg
m01s05i216,5,216,128,,,,pr,AP3hr,True,1,kg m-2 s-1,ok,m01s05i216[lbproc=128],HadGEM3_mappings.cfg
m01s05i216,5,216,128,,,,pr,AP6hr,True,1,kg m-2 s-1,ok,m01s05i216[lbproc=128],HadGEM3_mappings.cfg
m01s05i216,5,216,128,,,,pr,APday,True,1,kg m-2 s-1,ok,m01s05i216[lbproc=128],HadGEM3_mappings.cfg
m01s05i216,5,216,128,,,,pr,APmon,True,1,kg m-2 s-1,ok,m01s05i216[lbproc=128],HadGEM3_mappings.cfg
m01s05i216,5,216,128,,,,pr,mon,True,1,kg m-2 s-1,ok,m01s05i216[lbproc=128],HadGEM3_mappings.cfg
m01s05i216,5,216,128,,,,pr,1hr,True,1,kg m-2 s-1,ok,m01s05i216[lbproc=128],HadGEM3_mappings.cfg
m01s05i227,5,227,0,,,,prcprof,CF3hr,True,1,kg m-2 s-1,ok,m01s05i227[lbproc=0],HadGEM3_mappings.cfg
m01s05i227,5,227,0,,,,prcprof,AP3hrPtLev,True,1,kg m-2 s-1,ok,m01s05i227[lbproc=0],HadGEM3_mappings.cfg
m01s04i223,4,223,0,,,,prlsns,CF3hr,True,1,kg m-2 s-1,ok,m01s04i223[lbproc=0],HadGEM3_mappings.cfg
m01s04i223,4,223,0,,,,prlsns,AP3hrPtLev,True,1,kg m-2 s-1,ok,m01s04i223[lbproc=0],HadGEM3_mappings.cfg
m01s04i222,4,222,0,,,,prlsprof,CF3hr,True,1,kg m-2 s-1,ok,m01s04i222[lbproc=0],HadGEM3_mappings.cfg
m01s04i222,4,222,0,,,,prlsprof,AP3hrPtLev,True,1,kg m-2 s-1,ok,m01s04i222[lbproc=0],HadGEM3_mappings.cfg
m01s05i214,5,214,128,,,,prra,E3hr,True,1,kg m-2 s-1,ok,m01s05i214[lbproc=128],HadGEM3_mappings.cfg
m01s05i205,5,205,128,,,,prrc,E3hr,True,1,kg m-2 s-1,ok,m01s05i205[lbproc=128],HadGEM3_mappings.cfg
m01s05i205,5,205,128,,,,prrc,Eday,True,1,kg m-2 s-1,ok,m01s05i205[lbproc=128],HadGEM3_mappings.cfg
m01s05i205,5,205,128,,,,prrc,AP3hr,True,1,kg m-2 s-1,ok,m01s05i205[lbproc=128],HadGEM3_mappings.cfg
m01s05i205,5,205,128,,,,prrc,APday,True,1,kg m-2 s-1,ok,m01s05i205[lbproc=128],HadGEM3_mappings.cfg
m01s05i215,5,215,128,,,,prsn,Amon,True,1,kg m-2 s-1,ok,m01s05i215[lbproc=128],HadGEM3_mappings.cfg
m01s05i215,5,215,128,,,,prsn,3hr,True,1,kg m-2 s-1,ok,m01s05i215[lbproc=128],HadGEM3_mappings.cfg
m01s05i215,5,215,128,,,,prsn,day,True,1,kg m-2 s-1,ok,m01s05i215[lbproc=128],HadGEM3_mappings.cfg
m01s05i215,5,215,128,,,,prsn,APmon,True,1,kg m-2 s-1,ok,m01s05i215[lbproc=128],HadGEM3_mappings.cfg
m01s05i215,5,215,128,,,,prsn,AP3hr,True,1,kg m-2 s-1,ok,m01s05i215[lbproc=128],HadGEM3_mappings.cfg
m01s05i215,5,215,128,,,,prsn,APday,True,1,kg m-2 s-1,ok,m01s05i215[lbproc=128],HadGEM3_mappings.cfg
m01s30i461,30,461,128,,,,prw,Amon,True,1,kg m-2,ok,m01s30i461[lbproc=128],HadGEM3_mappings.cfg
m01s30i461,30,461,128,,,,prw,Eday,True,1,kg m-2,ok,m01s30i461[lbproc=128],HadGEM3_mappings.cfg
m01s30i461,30,461,128,,,,prw,APmon,True,1,kg m-2,ok,m01s30i461[lbproc=128],HadGEM3_mappings.cfg
m01s30i461,30,461,128,,,,prw,APday,True,1,kg m-2,ok,m01s30i461[lbproc=128],HadGEM3_mappings.cfg
m01s00i409,0,409,128,,,,ps,Amon,True,1,Pa,ok,m01s00i409[lbproc=128],HadGEM3_mappings.cfg
m01s00i409,0,409,128,,,,ps,AERhr,True,1,Pa,ok,m01s00i409[lbproc=128],HadGEM3_mappings.cfg
m01s00i409,0,409,128,,,,ps,CFmon,True,1,Pa,ok,m01s00i409[lbproc=128],HadGEM3_mappings.cfg
m01s00i409,0,409,128,,,,ps,AERmon,True,1,Pa,ok,m01s00i409[lbproc=128],HadGEM3_mappings.cfg
m01s00i409,0,409,128,,,,ps,Emon,True,1,Pa,ok,m01s00i409[lbproc=128],HadGEM3_mappings.cfg
m01s00i409,0,409,128,,,,ps,CFday,True,1,Pa,ok,m01s00i409[lbproc=128],HadGEM3_mappings.cfg
m01s00i409,0,409,128,,,,ps,APmon,True,1,Pa,ok,m01s00i409[lbproc=128],HadGEM3_mappings.cfg
m01s00i409,0,409,128,,,,ps,AP1hr,True,1,Pa,ok,m01s00i409[lbproc=128],HadGEM3_mappings.cfg
m01s00i409,0,409,128,,,,ps,APday,True,1,Pa,ok,m01s00i409[lbproc=128],HadGEM3_mappings.cfg
m01s16i222,16,222,128,,,,psl,6hrPlev,True,1,Pa,ok,m01s16i222[lbproc=128],HadGEM3_mappings.cfg
m01s16i222,16,222,128,,,,psl,Amon,True,1,Pa,ok,m01s16i222[lbproc=128],HadGEM3_mappings.cfg
m01s16i222,16,222,128,,,,psl,day,True,1,Pa,ok,m01s16i222[lbproc=128],HadGEM3_mappings.cfg
m01s16i222,16,222,128,,,,psl,APmon,True,1,Pa,ok,m01s16i222[lbproc=128],HadGEM3_mappings.cfg
m01s16i222,16,222,128,,,,psl,AP6hr,True,1,Pa,ok,m01s16i222[lbproc=128],HadGEM3_mappings.cfg
m01s16i222,16,222,128,,,,psl,APday,True,1,Pa,ok,m01s16i222[lbproc=128],HadGEM3_mappings.cfg
m01s30i451,30,451,128,,,,ptp,AERmon,True,1,Pa,ok,m01s30i451[lbproc=128],HadGEM3_mappings.cfg
m01s30i451,30,451,128,,,,ptp,AEmon,True,1,Pa,ok,m01s30i451[lbproc=128],HadGEM3_mappings.cfg
m01s02i218,2,218,128,,,,rld,CFmon,True,1,W m-2,ok,correct_multilevel_metadata(m01s02i218[lbproc=128]),HadGEM3_mappings.cfg
m01s02i218,2,218,128,,,,rld,APmonLev,True,1,W m-2,ok,correct_multilevel_metadata(m01s02i218[lbproc=128]),HadGEM3_mappings.cfg
m01s02i522,2,522,128,,,,rld4co2,CFmon,True,1,W m-2,ok,correct_multilevel_metadata(m01s02i522[lbproc=128]),HadGEM3_mappings.cfg
m01s02i522,2,522,128,,,,rld4co2,APmonLev,True,1,W m-2,ok,correct_multilevel_metadata(m01s02i522[lbproc=128]),HadGEM3_mappings.cfg
m01s02i220,2,220,128,,,,rldcs,CFmon,True,1,W m-2,ok,correct_multilevel_metadata(m01s02i220[lbproc=128]),HadGEM3_mappings.cfg
m01s02i220,2,220,128,,,,rldcs,APmonLev,True,1,W m-2,ok,correct_multilevel_metadata(m01s02i220[lbproc=128]),HadGEM3_mappings.cfg
m01s02i524,2,524,128,,,,rldcs4co2,CFmon,True,1,W m-2,ok,correct_multilevel_metadata(m01s02i524[lbproc=128]),HadGEM3_mappings.cfg
m01s02i524,2,524,128,,,,rldcs4co2,APmonLev,True,1,W m-2,ok,correct_multilevel_metadata(m01s02i524[lbproc=128]),HadGEM3_mappings.cfg
m01s02i207,2,207,128,,,,rlds,Amon,True,1,W m-2,ok,m01s02i207[lbproc=128],HadGEM3_mappings.cfg
m01s02i207,2,207,128,,,,rlds,3hr,True,1,W m-2,ok,m01s02i207[lbproc=128],HadGEM3_mappings.cfg
m01s02i207,2,207,128,,,,rlds,day,True,1,W m-2,ok,m01s02i207[lbproc=128],HadGEM3_mappings.cfg
m01s02i207,2,207,128,,,,rlds,APmon,True,1,W m-2,ok,m01s02i207[lbproc=128],HadGEM3_mappings.cfg
m01s02i207,2,207,128,,,,rlds,AP3hr,True,1,W m-2,ok,m01s02i207[lbproc=128],HadGEM3_mappings.cfg
m01s02i207,2,207,128,,,,rlds,APday,True,1,W m-2,ok,m01s02i207[lbproc=128],HadGEM3_mappings.cfg
m01s02i208,2,208,128,,,,rldscs,Amon,True,1,W m-2,ok,m01s02i208[lbproc=128],HadGEM3_mappings.cfg
m01s02i208,2,208,128,,,,rldscs,3hr,True,1,W m-2,ok,m01s02i208[lbproc=128],HadGEM3_mappings.cfg
m01s02i208,2,208,128,,,,rldscs,CFday,True,1,W m-2,ok,m01s02i208[lbproc=128],HadGEM3_mappings.cfg
m01s02i208,2,208,128,,,,rldscs,APmon,True,1,W m-2,ok,m01s02i208[lbproc=128],HadGEM3_mappings.cfg
m01s02i208,2,208,128,,,,rldscs,AP3hr,True,1,W m-2,ok,m01s02i208[lbproc=128],HadGEM3_mappings.cfg
m01s02i208,2,208,128,,,,rldscs,APday,True,1,W m-2,ok,m01s02i208[lbproc=128],HadGEM3_mappings.cfg
m01s03i332,3,332,128,,,,rlut,Amon,True,1,W m-2,ok,m01s03i332[lbproc=128],HadGEM3_mappings.cfg
m01s03i332,3,332,128,,,,rlut,day,True,1,W m-2,ok,m01s03i332[lbproc=128],HadGEM3_mappings.cfg
m01s03i332,3,332,128,,,,rlut,APmon,True,1,W m-2,ok,m01s03i332[lbproc=128],HadGEM3_mappings.cfg
m01s03i332,3,332,128,,,,rlut,APday,True,1,W m-2,ok,m01s03i332[lbproc=128],HadGEM3_mappings.cfg
m01s01i218,1,218,128,,,,rsd,CFmon,True,1,W m-2,ok,correct_multilevel_metadata(m01s01i218[lbproc=128]),HadGEM3_mappings.cfg
m01s01i218,1,218,128,,,,rsd,APmonLev,True,1,W m-2,ok,correct_multilevel_metadata(m01s01i218[lbproc=128]),HadGEM3_mappings.cfg
m01s01i522,1,522,128,,,,rsd4co2,CFmon,True,1,W m-2,ok,correct_multilevel_metadata(m01s01i522[lbproc=128]),HadGEM3_mappings.cfg
m01s01i522,1,522,128,,,,rsd4co2,APmonLev,True,1,W m-2,ok,correct_multilevel_metadata(m01s01i522[lbproc=128]),HadGEM3_mappings.cfg
m01s01i220,1,220,128,,,,rsdcs,CFmon,True,1,W m-2,ok,correct_multilevel_metadata(m01s01i220[lbproc=128]),HadGEM3_mappings.cfg
m01s01i220,1,220,128,,,,rsdcs,APmonLev,True,1,W m-2,ok,correct_multilevel_metadata(m01s01i220[lbproc=128]),HadGEM3_mappings.cfg
m01s01i524,1,524,128,,,,rsdcs4co2,CFmon,True,1,W m-2,ok,correct_multilevel_metadata(m01s01i524[lbproc=128]),HadGEM3_mappings.cfg
m01s01i524,1,524,128,,,,rsdcs4co2,APmonLev,True,1,W m-2,ok,correct_multilevel_metadata(m01s01i524[lbproc=128]),HadGEM3_mappings.cfg
m01s01i520,1,520,0,,,,rsdcsaf,E3hrPt,True,1,W m-2,embargoed,correct_multilevel_metadata(m01s01i520[lbproc=0]),HadGEM3_mappings.cfg
m01s01i520,1,520,0,,,,rsdcsaf,AE3hrPtLev,True,1,W m-2,embargoed,correct_multilevel_metadata(m01s01i520[lbproc=0]),HadGEM3_mappings.cfg
m01s01i528,1,528,0,,,,rsdcsafbnd,E3hrPt,True,1,W m-2,embargoed,correct_multilevel_metadata(m01s01i528[lbproc=0]),HadGEM3_mappings.cfg
m01s01i528,1,528,0,,,,rsdcsafbnd,AE3hrPtLev,True,1,W m-2,embargoed,correct_multilevel_metadata(m01s01i528[lbproc=0]),HadGEM3_mappings.cfg
m01s01i512,1,512,0,,,,rsdcsbnd,E3hrPt,True,1,W m-2,embargoed,correct_multilevel_metadata(m01s01i512[lbproc=0]),HadGEM3_mappings.cfg
m01s01i512,1,512,0,,,,rsdcsbnd,AP3hrPtLev,True,1,W m-2,embargoed,correct_multilevel_metadata(m01s01i512[lbproc=0]),HadGEM3_mappings.cfg
m01s01i235,1,235,128,,,,rsds,Amon,True,1,W m-2,ok,m01s01i235[lbproc=128],HadGEM3_mappings.cfg
m01s01i235,1,235,128,,,,rsds,3hr,True,1,W m-2,ok,m01s01i235[lbproc=128],HadGEM3_mappings.cfg
m01s01i235,1,235,128,,,,rsds,day,True,1,W m-2,ok,m01s01i235[lbproc=128],HadGEM3_mappings.cfg
m01s01i235,1,235,128,,,,rsds,APmon,True,1,W m-2,ok,m01s01i235[lbproc=128],HadGEM3_mappings.cfg
m01s01i235,1,235,128,,,,rsds,AP3hr,True,1,W m-2,ok,m01s01i235[lbproc=128],HadGEM3_mappings.cfg
m01s01i235,1,235,128,,,,rsds,APday,True,1,W m-2,ok,m01s01i235[lbproc=128],HadGEM3_mappings.cfg
m01s01i210,1,210,128,,,,rsdscs,Amon,True,1,W m-2,ok,m01s01i210[lbproc=128],HadGEM3_mappings.cfg
m01s01i210,1,210,128,,,,rsdscs,3hr,True,1,W m-2,ok,m01s01i210[lbproc=128],HadGEM3_mappings.cfg
m01s01i210,1,210,128,,,,rsdscs,CFday,True,1,W m-2,ok,m01s01i210[lbproc=128],HadGEM3_mappings.cfg
m01s01i210,1,210,128,,,,rsdscs,APmon,True,1,W m-2,ok,m01s01i210[lbproc=128],HadGEM3_mappings.cfg
m01s01i210,1,210,128,,,,rsdscs,AP3hr,True,1,W m-2,ok,m01s01i210[lbproc=128],HadGEM3_mappings.cfg
m01s01i210,1,210,128,,,,rsdscs,APday,True,1,W m-2,ok,m01s01i210[lbproc=128],HadGEM3_mappings.cfg
m01s01i520,1,520,0,1,,,rsdscsaf,E3hrPt,True,1,W m-2,embargoed,"m01s01i520[lblev=1, lbproc=0]",HadGEM3_mappings.cfg
m01s01i520,1,520,0,1,,,rsdscsaf,AE3hrPt,True,1,W m-2,embargoed,"m01s01i520[lblev=1, lbproc=0]",HadGEM3_mappings.cfg
m01s01i528,1,528,0,1,,,rsdscsafbnd,E3hrPt,True,1,W m-2,embargoed,"m01s01i528[lblev=1, lbproc=0]",HadGEM3_mappings.cfg
m01s01i528,1,528,0,1,,,rsdscsafbnd,AE3hrPt,True,1,W m-2,embargoed,"m01s01i528[lblev=1, lbproc=0]",HadGEM3_mappings.cfg
m01s01i512,1,512,0,1,,,rsdscsbnd,E3hrPt,True,1,W m-2,embargoed,"m01s01i512[lblev=1, lbproc=0]",HadGEM3_mappings.cfg
m01s01i512,1,512,0,1,,,rsdscsbnd,AP3hrPt,True,1,W m-2,embargoed,"m01s01i512[lblev=1, lbproc=0]",HadGEM3_mappings.cfg
m01s01i216,1,216,128,,,,rsdsdiff,3hr,True,1,W m-2,ok,m01s01i216[lbproc=128],HadGEM3_mappings.cfg
m01s01i216,1,216,128,,,,rsdsdiff,Emon,True,1,W m-2,ok,m01s01i216[lbproc=128],HadGEM3_mappings.cfg
m01s01i216,1,216,128,,,,rsdsdiff,Eday,True,1,W m-2,ok,m01s01i216[lbproc=128],HadGEM3_mappings.cfg
m01s01i216,1,216,128,,,,rsdsdiff,AP3hr,True,1,W m-2,ok,m01s01i216[lbproc=128],HadGEM3_mappings.cfg
m01s01i216,1,216,128,,,,rsdsdiff,APmon,True,1,W m-2,ok,m01s01i216[lbproc=128],HadGEM3_mappings.cfg
m01s01i216,1,216,128,,,,rsdsdiff,APday,True,1,W m-2,ok,m01s01i216[lbproc=128],HadGEM3_mappings.cfg
m01s01i207,1,207,128,,,,rsdt,Amon,True,1,W m-2,ok,m01s01i207[lbproc=128],HadGEM3_mappings.cfg
m01s01i207,1,207,128,,,,rsdt,CFday,True,1,W m-2,ok,m01s01i207[lbproc=128],HadGEM3_mappings.cfg
m01s01i207,1,207,128,,,,rsdt,APmon,True,1,W m-2,ok,m01s01i207[lbproc=128],HadGEM3_mappings.cfg
m01s01i207,1,207,128,,,,rsdt,APday,True,1,W m-2,ok,m01s01i207[lbproc=128],HadGEM3_mappings.cfg
m01s01i201,1,201,128,,,,rss,Emon,True,1,W m-2,ok,m01s01i201[lbproc=128],HadGEM3_mappings.cfg
m01s01i201,1,201,128,,,,rss,APmon,True,1,W m-2,ok,m01s01i201[lbproc=128],HadGEM3_mappings.cfg
m01s01i217,1,217,128,,,,rsu,CFmon,True,1,W m-2,ok,correct_multilevel_metadata(m01s01i217[lbproc=128]),HadGEM3_mappings.cfg
m01s01i217,1,217,128,,,,rsu,APmonLev,True,1,W m-2,ok,correct_multilevel_metadata(m01s01i217[lbproc=128]),HadGEM3_mappings.cfg
m01s01i521,1,521,128,,,,rsu4co2,CFmon,True,1,W m-2,ok,correct_multilevel_metadata(m01s01i521[lbproc=128]),HadGEM3_mappings.cfg
m01s01i521,1,521,128,,,,rsu4co2,APmonLev,True,1,W m-2,ok,correct_multilevel_metadata(m01s01i521[lbproc=128]),HadGEM3_mappings.cfg
m01s01i219,1,219,128,,,,rsucs,CFmon,True,1,W m-2,ok,correct_multilevel_metadata(m01s01i219[lbproc=128]),HadGEM3_mappings.cfg
m01s01i219,1,219,128,,,,rsucs,APmonLev,True,1,W m-2,ok,correct_multilevel_metadata(m01s01i219[lbproc=128]),HadGEM3_mappings.cfg
m01s01i523,1,523,128,,,,rsucs4co2,CFmon,True,1,W m-2,ok,correct_multilevel_metadata(m01s01i523[lbproc=128]),HadGEM3_mappings.cfg
m01s01i523,1,523,128,,,,rsucs4co2,APmonLev,True,1,W m-2,ok,correct_multilevel_metadata(m01s01i523[lbproc=128]),HadGEM3_mappings.cfg
m01s01i519,1,519,0,,,,rsucsaf,E3hrPt,True,1,W m-2,embargoed,correct_multilevel_metadata(m01s01i519[lbproc=0]),HadGEM3_mappings.cfg
m01s01i519,1,519,0,,,,rsucsaf,AE3hrPtLev,True,1,W m-2,embargoed,correct_multilevel_metadata(m01s01i519[lbproc=0]),HadGEM3_mappings.cfg
m01s01i527,1,527,0,,,,rsucsafbnd,E3hrPt,True,1,W m-2,embargoed,correct_multilevel_metadata(m01s01i527[lbproc=0]),HadGEM3_mappings.cfg
m01s01i527,1,527,0,,,,rsucsafbnd,AE3hrPtLev,True,1,W m-2,embargoed,correct_multilevel_metadata(m01s01i527[lbproc=0]),HadGEM3_mappings.cfg
m01s01i511,1,511,0,,,,rsucsbnd,E3hrPt,True,1,W m-2,embargoed,correct_multilevel_metadata(m01s01i511[lbproc=0]),HadGEM3_mappings.cfg
m01s01i511,1,511,0,,,,rsucsbnd,AP3hrPtLev,True,1,W m-2,embargoed,correct_multilevel_metadata(m01s01i511[lbproc=0]),HadGEM3_mappings.cfg
m01s01i211,1,211,128,,,,rsuscs,Amon,True,1,W m-2,ok,m01s01i211[lbproc=128],HadGEM3_mappings.cfg
m01s01i211,1,211,128,,,,rsuscs,3hr,True,1,W m-2,ok,m01s01i211[lbproc=128],HadGEM3_mappings.cfg
m01s01i211,1,211,128,,,,rsuscs,CFday,True,1,W m-2,ok,m01s01i211[lbproc=128],HadGEM3_mappings.cfg
m01s01i211,1,211,128,,,,rsuscs,APmon,True,1,W m-2,ok,m01s01i211[lbproc=128],HadGEM3_mappings.cfg
m01s01i211,1,211,128,,,,rsuscs,AP3hr,True,1,W m-2,ok,m01s01i211[lbproc=128],HadGEM3_mappings.cfg
m01s01i211,1,211,128,,,,rsuscs,APday,True,1,W m-2,ok,m01s01i211[lbproc=128],HadGEM3_mappings.cfg
m01s01i519,1,519,0,1,,,rsuscsaf,E3hrPt,True,1,W m-2,embargoed,"m01s01i519[lblev=1, lbproc=0]",HadGEM3_mappings.cfg
m01s01i519,1,519,0,1,,,rsuscsaf,AE3hrPt,True,1,W m-2,embargoed,"m01s01i519[lblev=1, lbproc=0]",HadGEM3_mappings.cfg
m01s01i527,1,527,0,1,,,rsuscsafbnd,E3hrPt,True,1,W m-2,embargoed,"m01s01i527[lblev=1, lbproc=0]",HadGEM3_mappings.cfg
m01s01i527,1,527,0,1,,,rsuscsafbnd,AE3hrPt,True,1,W m-2,embargoed,"m01s01i527[lblev=1, lbproc=0]",HadGEM3_mappings.cfg
m01s01i511,1,511,0,1,,,rsuscsbnd,E3hrPt,True,1,W m-2,embargoed,"m01s01i511[lblev=1, lbproc=0]",HadGEM3_mappings.cfg
m01s01i511,1,511,0,1,,,rsuscsbnd,AP3hrPt,True,1,W m-2,embargoed,"m01s01i511[lblev=1, lbproc=0]",HadGEM3_mappings.cfg
m01s01i208,1,208,128,,,,rsut,Amon,True,1,W m-2,ok,m01s01i208[lbproc=128],HadGEM3_mappings.cfg
m01s01i208,1,208,128,,,,rsut,CFday,True,1,W m-2,ok,m01s01i208[lbproc=128],HadGEM3_mappings.cfg
m01s01i208,1,208,128,,,,rsut,APmon,True,1,W m-2,ok,m01s01i208[lbproc=128],HadGEM3_mappings.cfg
m01s01i208,1,208,128,,,,rsut,APday,True,1,W m-2,ok,m01s01i208[lbproc=128],HadGEM3_mappings.cfg
m01s01i521,1,521,128,86,,,rsut4co2,CFmon,True,1,W m-2,ok,"m01s01i521[lblev=86, lbproc=128]",HadGEM3_mappings.cfg
m01s01i521,1,521,128,86,,,rsut4co2,APmon,True,1,W m-2,ok,"m01s01i521[lblev=86, lbproc=128]",HadGEM3_mappings.cfg
m01s01i517,1,517,128,86,,,rsutaf,AERmon,True,1,W m-2,ok,"m01s01i517[lblev=86, lbproc=128]",HadGEM3_mappings.cfg
m01s01i517,1,517,128,86,,,rsutaf,AEmon,True,1,W m-2,ok,"m01s01i517[lblev=86, lbproc=128]",HadGEM3_mappings.cfg
m01s01i209,1,209,128,,,,rsutcs,Amon,True,1,W m-2,ok,m01s01i209[lbproc=128],HadGEM3_mappings.cfg
m01s01i209,1,209,128,,,,rsutcs,E3hr,True,1,W m-2,ok,m01s01i209[lbproc=128],HadGEM3_mappings.cfg
m01s01i209,1,209,128,,,,rsutcs,CFday,True,1,W m-2,ok,m01s01i209[lbproc=128],HadGEM3_mappings.cfg
m01s01i209,1,209,128,,,,rsutcs,APmon,True,1,W m-2,ok,m01s01i209[lbproc=128],HadGEM3_mappings.cfg
m01s01i209,1,209,128,,,,rsutcs,AP3hr,True,1,W m-2,ok,m01s01i209[lbproc=128],HadGEM3_mappings.cfg
m01s01i209,1,209,128,,,,rsutcs,APday,True,1,W m-2,ok,m01s01i209[lbproc=128],HadGEM3_mappings.cfg
m01s01i523,1,523,128,86,,,rsutcs4co2,CFmon,True,1,W m-2,ok,"m01s01i523[lblev=86, lbproc=128]",HadGEM3_mappings.cfg
m01s01i523,1,523,128,86,,,rsutcs4co2,APmon,True,1,W m-2,ok,"m01s01i523[lblev=86, lbproc=128]",HadGEM3_mappings.cfg
m01s01i519,1,519,128,86,,,rsutcsaf,AERmon,True,1,W m-2,ok,"m01s01i519[lblev=86, lbproc=128]",HadGEM3_mappings.cfg
m01s01i519,1,519,128,86,,,rsutcsaf,AEmon,True,1,W m-2,ok,"m01s01i519[lblev=86, lbproc=128]",HadGEM3_mappings.cfg
m01s30i455,30,455,128,,,P850,rv850,6hrPlev,True,1,s-1,embargoed,"m01s30i455[blev=P850, lbproc=128]",HadGEM3_mappings.cfg
m01s30i455,30,455,128,,,P850,rv850,AP6hr,True,1,s-1,embargoed,"m01s30i455[blev=P850, lbproc=128]",HadGEM3_mappings.cfg
m01s05i270,5,270,128,,,,sci,Amon,True,1,1,ok,m01s05i270[lbproc=128],HadGEM3_mappings.cfg
m01s05i270,5,270,128,,,,sci,APmon,True,1,1,ok,m01s05i270[lbproc=128],HadGEM3_mappings.cfg
m01s17i257,17,257,128,1,,,sconcdust,Emon,True,1,ug m-3,ok,"m01s17i257[lblev=1, lbproc=128]",HadGEM3_mappings.cfg
m01s17i257,17,257,128,1,,,sconcdust,APmon,True,1,ug m-3,ok,"m01s17i257[lblev=1, lbproc=128]",HadGEM3_mappings.cfg
m01s03i230,3,230,128,,,,sfcWind,Amon,True,1,m s-1,ok,m01s03i230[lbproc=128],HadGEM3_mappings.cfg
m01s03i230,3,230,128,,,,sfcWind,E3hr,True,1,m s-1,ok,m01s03i230[lbproc=128],HadGEM3_mappings.cfg
m01s03i230,3,230,128,,,,sfcWind,day,True,1,m s-1,ok,m01s03i230[lbproc=128],HadGEM3_mappings.cfg
m01s03i230,3,230,128,,,,sfcWind,6hrPlev,True,1,m s-1,ok,m01s03i230[lbproc=128],HadGEM3_mappings.cfg
m01s03i230,3,230,128,,,,sfcWind,APmon,True,1,m s-1,ok,m01s03i230[lbproc=128],HadGEM3_mappings.cfg
m01s03i230,3,230,128,,,,sfcWind,APday,True,1,m s-1,ok,m01s03i230[lbproc=128],HadGEM3_mappings.cfg
m01s03i230,3,230,8192,,,,sfcWindmax,Emon,True,1,m s-1,embargoed,mon_mean_from_day(m01s03i230[lbproc=8192]),HadGEM3_mappings.cfg
m01s03i230,3,230,8192,,,,sfcWindmax,APmon,True,1,m s-1,embargoed,mon_mean_from_day(m01s03i230[lbproc=8192]),HadGEM3_mappings.cfg
m01s34i996,34,996,128,1,,,sfno2,AERhr,True,1,mol mol-1,ok,"(MOLECULAR_MASS_OF_AIR / MOLECULAR_MASS_OF_NO2) * m01s34i996[lblev=1, lbproc=128]",HadGEM3_mappings.cfg
m01s34i996,34,996,128,1,,,sfno2,AE1hr,True,1,mol mol-1,ok,"(MOLECULAR_MASS_OF_AIR / MOLECULAR_MASS_OF_NO2) * m01s34i996[lblev=1, lbproc=128]",HadGEM3_mappings.cfg
m01s34i001,34,1,128,1,,,sfo3,AERhr,True,1,mol mol-1,ok,"(MOLECULAR_MASS_OF_AIR / MOLECULAR_MASS_OF_O3) * m01s34i001[lblev=1, lbproc=128]",HadGEM3_mappings.cfg
m01s34i001,34,1,128,1,,,sfo3,AE1hr,True,1,mol mol-1,ok,"(MOLECULAR_MASS_OF_AIR / MOLECULAR_MASS_OF_O3) * m01s34i001[lblev=1, lbproc=128]",HadGEM3_mappings.cfg
m01s34i001,34,1,8192,1,,,sfo3max,AERday,True,1,mol mol-1,ok,"(MOLECULAR_MASS_OF_AIR / MOLECULAR_MASS_OF_O3) * m01s34i001[lblev=1, lbproc=8192]",HadGEM3_mappings.cfg
m01s34i001,34,1,8192,1,,,sfo3max,AEday,True,1,mol mol-1,ok,"(MOLECULAR_MASS_OF_AIR / MOLECULAR_MASS_OF_O3) * m01s34i001[lblev=1, lbproc=8192]",HadGEM3_mappings.cfg
m01s03i317,3,317,,,,,sftgif,fx,True,1,%,embargoed,m01s03i317,HadGEM3_mappings.cfg
m01s03i317,3,317,,,,,sftgif,LPfx,True,1,%,embargoed,m01s03i317,HadGEM3_mappings.cfg
m01s00i505,0,505,,,,,sftlf,fx,True,1,1,ok,m01s00i505,HadGEM3_mappings.cfg
m01s00i505,0,505,,,,,sftlf,APfx,True,1,1,ok,m01s00i505,HadGEM3_mappings.cfg
m01s00i031,0,31,128,,,,siconca,SImon,True,1,1,ok,m01s00i031[lbproc=128],HadGEM3_mappings.cfg
m01s00i031,0,31,128,,,,siconca,SIday,True,1,1,ok,m01s00i031[lbproc=128],HadGEM3_mappings.cfg
m01s34i072,34,72,128,,,,so2,AERmon,True,1,mol mol-1,ok,m01s34i072[lbproc=128] * (MOLECULAR_MASS_OF_AIR / MOLECULAR_MASS_OF_SO2),HadGEM3_mappings.cfg
m01s34i072,34,72,128,,,,so2,AEmonLev,True,1,mol mol-1,ok,m01s34i072[lbproc=128] * (MOLECULAR_MASS_OF_AIR / MOLECULAR_MASS_OF_SO2),HadGEM3_mappings.cfg
m01s01i510,1,510,0,86,,,solbnd,E3hrPt,True,1,W m-2,embargoed,"m01s01i510[lblev=86, lbproc=0]",HadGEM3_mappings.cfg
m01s01i510,1,510,0,86,,,solbnd,AP3hrPt,True,1,W m-2,embargoed,"m01s01i510[lblev=86, lbproc=0]",HadGEM3_mappings.cfg
m01s03i236,3,236,128,,,,tas,6hrPlev,True,1,K,ok,m01s03i236[lbproc=128],HadGEM3_mappings.cfg
m01s03i236,3,236,128,,,,tas,Amon,True,1,K,ok,m01s03i236[lbproc=128],HadGEM3_mappings.cfg
m01s03i236,3,236,128,,,,tas,day,True,1,K,ok,m01s03i236[lbproc=128],HadGEM3_mappings.cfg
m01s03i236,3,236,128,,,,tas,CresAERday,True,1,K,ok,m01s03i236[lbproc=128],HadGEM3_mappings.cfg
m01s03i236,3,236,128,,,,tas,Cres1HrMn,True,1,K,ok,m01s03i236[lbproc=128],HadGEM3_mappings.cfg
m01s03i236,3,236,128,,,,tas,AP6hr,True,1,K,ok,m01s03i236[lbproc=128],HadGEM3_mappings.cfg
m01s03i236,3,236,128,,,,tas,APday,True,1,K,ok,m01s03i236[lbproc=128],HadGEM3_mappings.cfg
m01s03i236,3,236,128,,,,tas,APmon,True,1,K,ok,m01s03i236[lbproc=128],HadGEM3_mappings.cfg
m01s03i236,3,236,128,,,,tas,mon,True,1,K,ok,m01s03i236[lbproc=128],HadGEM3_mappings.cfg
m01s03i236,3,236,128,,,,tas,1hr,True,1,K,ok,m01s03i236[lbproc=128],HadGEM3_mappings.cfg
m01s03i236,3,236,8192,,,,tasmax,Amon,True,1,K,ok,mon_mean_from_day(m01s03i236[lbproc=8192]),HadGEM3_mappings.cfg
m01s03i236,3,236,8192,,,,tasmax,APmon,True,1,K,ok,mon_mean_from_day(m01s03i236[lbproc=8192]),HadGEM3_mappings.cfg
m01s03i236,3,236,4096,,,,tasmin,Amon,True,1,K,ok,mon_mean_from_day(m01s03i236[lbproc=4096]),HadGEM3_mappings.cfg
m01s03i236,3,236,4096,,,,tasmin,APmon,True,1,K,ok,mon_mean_from_day(m01s03i236[lbproc=4096]),HadGEM3_mappings.cfg
m01s30i452,30,452,128,,,,tatp,AERmon,True,1,K,embargoed,m01s30i452[lbproc=128],HadGEM3_mappings.cfg
m01s30i452,30,452,128,,,,tatp,AEmon,True,1,K,embargoed,m01s30i452[lbproc=128],HadGEM3_mappings.cfg
m01s03i460,3,460,128,,,,tauu,Amon,True,1,Pa,ok,m01s03i460[lbproc=128],HadGEM3_mappings.cfg
m01s03i460,3,460,128,,,,tauu,Eday,True,1,Pa,ok,m01s03i460[lbproc=128],HadGEM3_mappings.cfg
m01s03i460,3,460,128,,,,tauu,APmon,True,1,Pa,ok,m01s03i460[lbproc=128],HadGEM3_mappings.cfg
m01s03i460,3,460,128,,,,tauu,APday,True,1,Pa,ok,m01s03i460[lbproc=128],HadGEM3_mappings.cfg
m01s03i460,3,460,128,,,,tauupbl,Eday,True,1,Pa,ok,m01s03i460[lbproc=128],HadGEM3_mappings.cfg
m01s03i460,3,460,128,,,,tauupbl,APday,True,1,Pa,ok,m01s03i460[lbproc=128],HadGEM3_mappings.cfg
m01s03i461,3,461,128,,,,tauv,Amon,True,1,Pa,ok,m01s03i461[lbproc=128],HadGEM3_mappings.cfg
m01s03i461,3,461,128,,,,tauv,Eday,True,1,Pa,ok,m01s03i461[lbproc=128],HadGEM3_mappings.cfg
m01s03i461,3,461,128,,,,tauv,APmon,True,1,Pa,ok,m01s03i461[lbproc=128],HadGEM3_mappings.cfg
m01s03i461,3,461,128,,,,tauv,APday,True,1,Pa,ok,m01s03i461[lbproc=128],HadGEM3_mappings.cfg
m01s03i461,3,461,128,,,,tauvpbl,Eday,True,1,Pa,ok,m01s03i461[lbproc=128],HadGEM3_mappings.cfg
m01s03i461,3,461,128,,,,tauvpbl,APday,True,1,Pa,ok,m01s03i461[lbproc=128],HadGEM3_mappings.cfg
m01s03i250,3,250,128,,,,tdps,Emon,True,1,K,embargoed,m01s03i250[lbproc=128],HadGEM3_mappings.cfg
m01s03i250,3,250,128,,,,tdps,Eday,True,1,K,embargoed,m01s03i250[lbproc=128],HadGEM3_mappings.cfg
m01s03i250,3,250,128,,,,tdps,APmon,True,1,K,embargoed,m01s03i250[lbproc=128],HadGEM3_mappings.cfg
m01s03i250,3,250,128,,,,tdps,APday,True,1,K,embargoed,m01s03i250[lbproc=128],HadGEM3_mappings.cfg
m01s03i316,3,316,128,,8,,tgs,Eday,True,1,K,ok,"m01s03i316[lbplev=8, lbproc=128]",HadGEM3_mappings.cfg
m01s03i316,3,316,128,,8,,tgs,LPday,True,1,K,ok,"m01s03i316[lbplev=8, lbproc=128]",HadGEM3_mappings.cfg
m01s30i182,30,182,128,,,,tnhus,CFmon,True,1,s-1,ok,m01s30i182[lbproc=128] / ATMOS_TIMESTEP,HadGEM3_mappings.cfg
m01s30i182,30,182,128,,,,tnhus,APmonLev,True,1,s-1,ok,m01s30i182[lbproc=128] / ATMOS_TIMESTEP,HadGEM3_mappings.cfg
m01s05i162,5,162,128,,,,tnhusc,CFmon,True,1,s-1,ok,m01s05i162[lbproc=128] / ATMOS_TIMESTEP,HadGEM3_mappings.cfg
m01s05i162,5,162,128,,,,tnhusc,APmonLev,True,1,s-1,ok,m01s05i162[lbproc=128] / ATMOS_TIMESTEP,HadGEM3_mappings.cfg
m01s03i190,3,190,128,,,,tnhuspbl,Emon,True,1,s-1,ok,m01s03i190[lbproc=128] / ATMOS_TIMESTEP,HadGEM3_mappings.cfg
m01s03i190,3,190,128,,,,tnhuspbl,APmonLev,True,1,s-1,ok,m01s03i190[lbproc=128] / ATMOS_TIMESTEP,HadGEM3_mappings.cfg
m01s30i181,30,181,128,,,,tnt,CFmon,True,1,K s-1,ok,m01s30i181[lbproc=128] / ATMOS_TIMESTEP,HadGEM3_mappings.cfg
m01s30i181,30,181,128,,,,tnt,APmonLev,True,1,K s-1,ok,m01s30i181[lbproc=128] / ATMOS_TIMESTEP,HadGEM3_mappings.cfg
m01s05i161,5,161,128,,,,tntc,CFmon,True,1,K s-1,ok,m01s05i161[lbproc=128] / ATMOS_TIMESTEP,HadGEM3_mappings.cfg
m01s05i161,5,161,128,,,,tntc,APmonLev,True,1,K s-1,ok,m01s05i161[lbproc=128] / ATMOS_TIMESTEP,HadGEM3_mappings.cfg
m01s03i189,3,189,128,,,,tntpbl,Emon,True,1,K s-1,ok,m01s03i189[lbproc=128] / ATMOS_TIMESTEP,HadGEM3_mappings.cfg
m01s03i189,3,189,128,,,,tntpbl,APmonLev,True,1,K s-1,ok,m01s03i189[lbproc=128] / ATMOS_TIMESTEP,HadGEM3_mappings.cfg
m01s02i161,2,161,128,,,,tntrl,AERmon,True,1,K s-1,ok,m01s02i161[lbproc=128] / ATMOS_TIMESTEP,HadGEM3_mappings.cfg
m01s02i161,2,161,128,,,,tntrl,AEmonLev,True,1,K s-1,ok,m01s02i161[lbproc=128] / ATMOS_TIMESTEP,HadGEM3_mappings.cfg
m01s02i233,2,233,128,,,,tntrlcs,Emon,True,1,K s-1,ok,m01s02i233[lbproc=128],HadGEM3_mappings.cfg
m01s02i233,2,233,128,,,,tntrlcs,APmonLev,True,1,K s-1,ok,m01s02i233[lbproc=128],HadGEM3_mappings.cfg
m01s01i161,1,161,128,,,,tntrs,AERmon,True,1,K s-1,ok,m01s01i161[lbproc=128] / ATMOS_TIMESTEP,HadGEM3_mappings.cfg
m01s01i161,1,161,128,,,,tntrs,AEmonLev,True,1,K s-1,ok,m01s01i161[lbproc=128] / ATMOS_TIMESTEP,HadGEM3_mappings.cfg
m01s01i233,1,233,128,,,,tntrscs,Emon,True,1,K s-1,ok,m01s01i233[lbproc=128],HadGEM3_mappings.cfg
m01s01i233,1,233,128,,,,tntrscs,APmonLev,True,1,K s-1,ok,m01s01i233[lbproc=128],HadGEM3_mappings.cfg
m01s50i219,50,219,128,1,,,toz,AERmon,True,1,1e-5 m,ok,"m01s50i219[lblev=1, lbproc=128]",HadGEM3_mappings.cfg
m01s50i219,50,219,128,1,,,toz,AEmon,True,1,1e-5 m,ok,"m01s50i219[lblev=1, lbproc=128]",HadGEM3_mappings.cfg
m01s03i539,3,539,128,,,,tran,Lmon,True,1,kg m-2 s-1,ok,m01s03i539[lbproc=128],HadGEM3_mappings.cfg
m01s03i539,3,539,128,,,,tran,Eday,True,1,kg m-2 s-1,ok,m01s03i539[lbproc=128],HadGEM3_mappings.cfg
m01s03i539,3,539,128,,,,tran,LPmon,True,1,kg m-2 s-1,ok,m01s03i539[lbproc=128],HadGEM3_mappings.cfg
m01s03i539,3,539,128,,,,tran,LPday,True,1,kg m-2 s-1,ok,m01s03i539[lbproc=128],HadGEM3_mappings.cfg
m01s00i024,0,24,128,,,,ts,Amon,True,1,K,ok,m01s00i024[lbproc=128],HadGEM3_mappings.cfg
m01s00i024,0,24,128,,,,ts,Eday,True,1,K,ok,m01s00i024[lbproc=128],HadGEM3_mappings.cfg
m01s00i024,0,24,128,,,,ts,APmon,True,1,K,ok,m01s00i024[lbproc=128],HadGEM3_mappings.cfg
m01s00i024,0,24,128,,,,ts,APday,True,1,K,ok,m01s00i024[lbproc=128],HadGEM3_mappings.cfg
m01s08i225,8,225,128,,,,tsl,Lmon,True,1,K,ok,m01s08i225[lbproc=128],HadGEM3_mappings.cfg
m01s08i225,8,225,128,,,,tsl,Eday,True,1,K,ok,m01s08i225[lbproc=128],HadGEM3_mappings.cfg
m01s08i225,8,225,128,,,,tsl,LPmon,True,1,K,ok,m01s08i225[lbproc=128],HadGEM3_mappings.cfg
m01s08i225,8,225,128,,,,tsl,LPday,True,1,K,ok,m01s08i225[lbproc=128],HadGEM3_mappings.cfg
m01s00i024,0,24,128,,,,tsns,Eday,True,1,K,embargoed,m01s00i024[lbproc=128],HadGEM3_mappings.cfg
m01s00i024,0,24,128,,,,tsns,APday,True,1,K,embargoed,m01s00i024[lbproc=128],HadGEM3_mappings.cfg
m01s30i201,30,201,128,,,P10,ua10,AERday,True,1,m s-1,ok,"m01s30i201[blev=P10, lbproc=128]",HadGEM3_mappings.cfg
m01s30i201,30,201,128,,,P10,ua10,AEday,True,1,m s-1,ok,"m01s30i201[blev=P10, lbproc=128]",HadGEM3_mappings.cfg
m01s00i002,0,2,128,4,,,ua100m,6hrPlev,True,1,m s-1,embargoed,"primavera_make_uva100m(m01s00i002[lbproc=128, lblev=4])",HadGEM3_mappings.cfg
m01s00i002,0,2,128,4,,,ua100m,AP6hr,True,1,m s-1,embargoed,"primavera_make_uva100m(m01s00i002[lbproc=128, lblev=4])",HadGEM3_mappings.cfg
m01s03i209,3,209,128,,,,uas,6hrPlev,True,1,m s-1,ok,m01s03i209[lbproc=128],HadGEM3_mappings.cfg
m01s03i209,3,209,128,,,,uas,Amon,True,1,m s-1,ok,m01s03i209[lbproc=128],HadGEM3_mappings.cfg
m01s03i209,3,209,128,,,,uas,E3hr,True,1,m s-1,ok,m01s03i209[lbproc=128],HadGEM3_mappings.cfg
m01s03i209,3,209,128,,,,uas,day,True,1,m s-1,ok,m01s03i209[lbproc=128],HadGEM3_mappings.cfg
m01s03i209,3,209,128,,,,uas,AP6hr,True,1,m s-1,ok,m01s03i209[lbproc=128],HadGEM3_mappings.cfg
m01s03i209,3,209,128,,,,uas,APday,True,1,m s-1,ok,m01s03i209[lbproc=128],HadGEM3_mappings.cfg
m01s03i209,3,209,128,,,,uas,APmon,True,1,m s-1,ok,m01s03i209[lbproc=128],HadGEM3_mappings.cfg
m01s03i209,3,209,128,,,,uas,AP3hr,True,1,m s-1,ok,m01s03i209[lbproc=128],HadGEM3_mappings.cfg
m01s30i428,30,428,128,,,,uqint,Emon,True,1,m2 s-1,ok,m01s30i428[lbproc=128],HadGEM3_mappings.cfg
m01s30i428,30,428,128,,,,uqint,APmon,True,1,m2 s-1,ok,m01s30i428[lbproc=128],HadGEM3_mappings.cfg
m01s06i115,6,115,128,,,PLEV19,utendnogw,Emon,True,1,m s-2,embargoed,"m01s06i115[blev=PLEV19, lbproc=128]",HadGEM3_mappings.cfg
m01s06i115,6,115,128,,,PLEV19,utendnogw,APmon,True,1,m s-2,embargoed,"m01s06i115[blev=PLEV19, lbproc=128]",HadGEM3_mappings.cfg
m01s06i247,6,247,128,,,PLEV19,utendogw,Emon,True,1,m s-2,ok,"m01s06i247[blev=PLEV19, lbproc=128]",HadGEM3_mappings.cfg
m01s06i247,6,247,128,,,PLEV19,utendogw,APmon,True,1,m s-2,ok,"m01s06i247[blev=PLEV19, lbproc=128]",HadGEM3_mappings.cfg
m01s00i003,0,3,128,4,,,va100m,6hrPlev,True,1,m s-1,embargoed,"primavera_make_uva100m(m01s00i003[lbproc=128, lblev=4])",HadGEM3_mappings.cfg
m01s00i003,0,3,128,4,,,va100m,AP6hr,True,1,m s-1,embargoed,"primavera_make_uva100m(m01s00i003[lbproc=128, lblev=4])",HadGEM3_mappings.cfg
m01s03i210,3,210,128,,,,vas,6hrPlev,True,1,m s-1,ok,m01s03i210[lbproc=128],HadGEM3_mappings.cfg
m01s03i210,3,210,128,,,,vas,Amon,True,1,m s-1,ok,m01s03i210[lbproc=128],HadGEM3_mappings.cfg
m01s03i210,3,210,128,,,,vas,E3hr,True,1,m s-1,ok,m01s03i210[lbproc=128],HadGEM3_mappings.cfg
m01s03i210,3,210,128,,,,vas,day,True,1,m s-1,ok,m01s03i210[lbproc=128],HadGEM3_mappings.cfg
m01s03i210,3,210,128,,,,vas,AP3hr,True,1,m s-1,ok,m01s03i210[lbproc=128],HadGEM3_mappings.cfg
m01s03i210,3,210,128,,,,vas,AP6hr,True,1,m s-1,ok,m01s03i210[lbproc=128],HadGEM3_mappings.cfg
m01s03i210,3,210,128,,,,vas,APday,True,1,m s-1,ok,m01s03i210[lbproc=128],HadGEM3_mappings.cfg
m01s03i210,3,210,128,,,,vas,APmon,True,1,m s-1,ok,m01s03i210[lbproc=128],HadGEM3_mappings.cfg
m01s30i457,30,457,0,,,600 700 850,vortmean,6hrPlevPt,True,1,s-1,ok,"vortmean(m01s30i457[blev=600 700 850, lbproc=0])",HadGEM3_mappings.cfg
m01s30i457,30,457,0,,,600 700 850,vortmean,AP6hrPt,True,1,s-1,ok,"vortmean(m01s30i457[blev=600 700 850, lbproc=0])",HadGEM3_mappings.cfg
m01s30i429,30,429,128,,,,vqint,Emon,True,1,m2 s-1,ok,m01s30i429[lbproc=128],HadGEM3_mappings.cfg
m01s30i429,30,429,128,,,,vqint,APmon,True,1,m2 s-1,ok,m01s30i429[lbproc=128],HadGEM3_mappings.cfg
m01s00i150,0,150,128,,,,wa,AERmon,True,1,m s-1,ok,m01s00i150[lbproc=128],HadGEM3_mappings.cfg
m01s00i150,0,150,128,,,,wa,AEmonLev,True,1,m s-1,ok,m01s00i150[lbproc=128],HadGEM3_mappings.cfg
m01s08i242,8,242,128,,,,wetlandCH4,Emon,True,1,ug m-2 s-1,ok,m01s08i242[lbproc=128] * MOLECULAR_MASS_OF_CH4 / ATOMIC_MASS_OF_C,HadGEM3_mappings.cfg
m01s08i242,8,242,128,,,,wetlandCH4,LPmon,True,1,ug m-2 s-1,ok,m01s08i242[lbproc=128] * MOLECULAR_MASS_OF_CH4 / ATOMIC_MASS_OF_C,HadGEM3_mappings.cfg
m01s03i463,3,463,8192,,,,wsgmax10m,6hrPlev,True,1,m s-1,embargoed,m01s03i463[lbproc=8192],HadGEM3_mappings.cfg
m01s03i463,3,463,8192,,,,wsgmax10m,AP6hr,True,1,m s-1,embargoed,m01s03i463[lbproc=8192],HadGEM3_mappings.cfg
m01s08i249,8,249,128,,,,wtd,Emon,True,1,m,ok,m01s08i249[lbproc=128],HadGEM3_mappings.cfg
m01s08i249,8,249,128,,,,wtd,Eday,True,1,m,ok,m01s08i249[lbproc=128],HadGEM3_mappings.cfg
m01s08i249,8,249,128,,,,wtd,LPmon,True,1,m,ok,m01s08i249[lbproc=128],HadGEM3_mappings.cfg
m01s08i249,8,249,128,,,,wtd,LPday,True,1,m,ok,m01s08i249[lbproc=128],HadGEM3_mappings.cfg
m01s15i101,15,101,0,,,,zfull,CF3hr,True,1,m,embargoed,m01s15i101[lbproc=0],HadGEM3_mappings.cfg
m01s15i101,15,101,0,,,,zfull,AP3hrPtLev,True,1,m,embargoed,m01s15i101[lbproc=0],HadGEM3_mappings.cfg
m01s15i102,15,102,0,,,,zhalf,CF3hr,True,1,m,embargoed,m01s15i102[lbproc=0],HadGEM3_mappings.cfg
m01s15i102,15,102,0,,,,zhalf,AP3hrPtLev,True,1,m,embargoed,m01s15i102[lbproc=0],HadGEM3_mappings.cfg
m01s03i304,3,304,128,,,,zmla,Eday,True,1,m,ok,m01s03i304[lbproc=128],HadGEM3_mappings.cfg
m01s03i304,3,304,128,,,,zmla,APday,True,1,m,ok,m01s03i304[lbproc=128],HadGEM3_mappings.cfg
